[
  {
    "name": "Process Start",
    "start": 1612619567645,
    "end": 1612619568414,
    "duration": 769,
    "pid": 26952,
    "index": 0
  },
  {
    "name": "Application Start",
    "start": 1612619568415,
    "end": 1612619569147,
    "duration": 732,
    "pid": 26952,
    "index": 1
  },
  {
    "name": "Load Plugin",
    "start": 1612619568419,
    "end": 1612619568435,
    "duration": 16,
    "pid": 26952,
    "index": 2
  },
  {
    "name": "Load Config",
    "start": 1612619568435,
    "end": 1612619568455,
    "duration": 20,
    "pid": 26952,
    "index": 3
  },
  {
    "name": "Require(0) config/config.default.js",
    "start": 1612619568436,
    "end": 1612619568436,
    "duration": 0,
    "pid": 26952,
    "index": 4
  },
  {
    "name": "Require(1) config/config.local.js",
    "start": 1612619568437,
    "end": 1612619568437,
    "duration": 0,
    "pid": 26952,
    "index": 5
  },
  {
    "name": "Require(2) node_modules/egg-session/config/config.default.js",
    "start": 1612619568438,
    "end": 1612619568438,
    "duration": 0,
    "pid": 26952,
    "index": 6
  },
  {
    "name": "Require(3) node_modules/egg-security/config/config.default.js",
    "start": 1612619568439,
    "end": 1612619568439,
    "duration": 0,
    "pid": 26952,
    "index": 7
  },
  {
    "name": "Require(4) node_modules/egg-jsonp/config/config.default.js",
    "start": 1612619568440,
    "end": 1612619568440,
    "duration": 0,
    "pid": 26952,
    "index": 8
  },
  {
    "name": "Require(5) node_modules/egg-onerror/config/config.default.js",
    "start": 1612619568440,
    "end": 1612619568441,
    "duration": 1,
    "pid": 26952,
    "index": 9
  },
  {
    "name": "Require(6) node_modules/egg-i18n/config/config.default.js",
    "start": 1612619568441,
    "end": 1612619568441,
    "duration": 0,
    "pid": 26952,
    "index": 10
  },
  {
    "name": "Require(7) node_modules/egg-watcher/config/config.default.js",
    "start": 1612619568442,
    "end": 1612619568442,
    "duration": 0,
    "pid": 26952,
    "index": 11
  },
  {
    "name": "Require(8) node_modules/egg-schedule/config/config.default.js",
    "start": 1612619568443,
    "end": 1612619568443,
    "duration": 0,
    "pid": 26952,
    "index": 12
  },
  {
    "name": "Require(9) node_modules/egg-multipart/config/config.default.js",
    "start": 1612619568443,
    "end": 1612619568444,
    "duration": 1,
    "pid": 26952,
    "index": 13
  },
  {
    "name": "Require(10) node_modules/egg-development/config/config.default.js",
    "start": 1612619568444,
    "end": 1612619568444,
    "duration": 0,
    "pid": 26952,
    "index": 14
  },
  {
    "name": "Require(11) node_modules/egg-logrotator/config/config.default.js",
    "start": 1612619568445,
    "end": 1612619568445,
    "duration": 0,
    "pid": 26952,
    "index": 15
  },
  {
    "name": "Require(12) node_modules/egg-static/config/config.default.js",
    "start": 1612619568445,
    "end": 1612619568446,
    "duration": 1,
    "pid": 26952,
    "index": 16
  },
  {
    "name": "Require(13) node_modules/egg-view/config/config.default.js",
    "start": 1612619568446,
    "end": 1612619568447,
    "duration": 1,
    "pid": 26952,
    "index": 17
  },
  {
    "name": "Require(14) node_modules/egg-mongoose/config/config.default.js",
    "start": 1612619568447,
    "end": 1612619568447,
    "duration": 0,
    "pid": 26952,
    "index": 18
  },
  {
    "name": "Require(15) node_modules/egg-validate/config/config.default.js",
    "start": 1612619568448,
    "end": 1612619568448,
    "duration": 0,
    "pid": 26952,
    "index": 19
  },
  {
    "name": "Require(16) node_modules/egg-cors/config/config.default.js",
    "start": 1612619568448,
    "end": 1612619568449,
    "duration": 1,
    "pid": 26952,
    "index": 20
  },
  {
    "name": "Require(17) node_modules/egg/config/config.default.js",
    "start": 1612619568449,
    "end": 1612619568449,
    "duration": 0,
    "pid": 26952,
    "index": 21
  },
  {
    "name": "Require(18) config/config.default.js",
    "start": 1612619568450,
    "end": 1612619568450,
    "duration": 0,
    "pid": 26952,
    "index": 22
  },
  {
    "name": "Require(19) node_modules/egg-security/config/config.local.js",
    "start": 1612619568451,
    "end": 1612619568451,
    "duration": 0,
    "pid": 26952,
    "index": 23
  },
  {
    "name": "Require(20) node_modules/egg-watcher/config/config.local.js",
    "start": 1612619568452,
    "end": 1612619568452,
    "duration": 0,
    "pid": 26952,
    "index": 24
  },
  {
    "name": "Require(21) node_modules/egg-view/config/config.local.js",
    "start": 1612619568453,
    "end": 1612619568453,
    "duration": 0,
    "pid": 26952,
    "index": 25
  },
  {
    "name": "Require(22) node_modules/egg/config/config.local.js",
    "start": 1612619568454,
    "end": 1612619568455,
    "duration": 1,
    "pid": 26952,
    "index": 26
  },
  {
    "name": "Require(23) config/config.local.js",
    "start": 1612619568455,
    "end": 1612619568455,
    "duration": 0,
    "pid": 26952,
    "index": 27
  },
  {
    "name": "Load extend/application.js",
    "start": 1612619568456,
    "end": 1612619568512,
    "duration": 56,
    "pid": 26952,
    "index": 28
  },
  {
    "name": "Require(24) node_modules/egg-session/app/extend/application.js",
    "start": 1612619568456,
    "end": 1612619568456,
    "duration": 0,
    "pid": 26952,
    "index": 29
  },
  {
    "name": "Require(25) node_modules/egg-security/app/extend/application.js",
    "start": 1612619568457,
    "end": 1612619568458,
    "duration": 1,
    "pid": 26952,
    "index": 30
  },
  {
    "name": "Require(26) node_modules/egg-jsonp/app/extend/application.js",
    "start": 1612619568458,
    "end": 1612619568459,
    "duration": 1,
    "pid": 26952,
    "index": 31
  },
  {
    "name": "Require(27) node_modules/egg-logrotator/app/extend/application.js",
    "start": 1612619568460,
    "end": 1612619568466,
    "duration": 6,
    "pid": 26952,
    "index": 32
  },
  {
    "name": "Require(28) node_modules/egg-view/app/extend/application.js",
    "start": 1612619568466,
    "end": 1612619568467,
    "duration": 1,
    "pid": 26952,
    "index": 33
  },
  {
    "name": "Require(29) app/extend/application.js",
    "start": 1612619568468,
    "end": 1612619568510,
    "duration": 42,
    "pid": 26952,
    "index": 34
  },
  {
    "name": "Load extend/request.js",
    "start": 1612619568512,
    "end": 1612619568518,
    "duration": 6,
    "pid": 26952,
    "index": 35
  },
  {
    "name": "Require(30) node_modules/egg/app/extend/request.js",
    "start": 1612619568515,
    "end": 1612619568516,
    "duration": 1,
    "pid": 26952,
    "index": 36
  },
  {
    "name": "Load extend/response.js",
    "start": 1612619568518,
    "end": 1612619568525,
    "duration": 7,
    "pid": 26952,
    "index": 37
  },
  {
    "name": "Require(31) node_modules/egg/app/extend/response.js",
    "start": 1612619568521,
    "end": 1612619568523,
    "duration": 2,
    "pid": 26952,
    "index": 38
  },
  {
    "name": "Load extend/context.js",
    "start": 1612619568525,
    "end": 1612619568576,
    "duration": 51,
    "pid": 26952,
    "index": 39
  },
  {
    "name": "Require(32) node_modules/egg-security/app/extend/context.js",
    "start": 1612619568526,
    "end": 1612619568536,
    "duration": 10,
    "pid": 26952,
    "index": 40
  },
  {
    "name": "Require(33) node_modules/egg-jsonp/app/extend/context.js",
    "start": 1612619568536,
    "end": 1612619568537,
    "duration": 1,
    "pid": 26952,
    "index": 41
  },
  {
    "name": "Require(34) node_modules/egg-i18n/app/extend/context.js",
    "start": 1612619568538,
    "end": 1612619568538,
    "duration": 0,
    "pid": 26952,
    "index": 42
  },
  {
    "name": "Require(35) node_modules/egg-multipart/app/extend/context.js",
    "start": 1612619568538,
    "end": 1612619568569,
    "duration": 31,
    "pid": 26952,
    "index": 43
  },
  {
    "name": "Require(36) node_modules/egg-view/app/extend/context.js",
    "start": 1612619568570,
    "end": 1612619568571,
    "duration": 1,
    "pid": 26952,
    "index": 44
  },
  {
    "name": "Require(37) node_modules/egg-mongoose/app/extend/context.js",
    "start": 1612619568571,
    "end": 1612619568572,
    "duration": 1,
    "pid": 26952,
    "index": 45
  },
  {
    "name": "Require(38) node_modules/egg-validate/app/extend/context.js",
    "start": 1612619568572,
    "end": 1612619568572,
    "duration": 0,
    "pid": 26952,
    "index": 46
  },
  {
    "name": "Require(39) node_modules/egg/app/extend/context.js",
    "start": 1612619568573,
    "end": 1612619568574,
    "duration": 1,
    "pid": 26952,
    "index": 47
  },
  {
    "name": "Load extend/helper.js",
    "start": 1612619568576,
    "end": 1612619568607,
    "duration": 31,
    "pid": 26952,
    "index": 48
  },
  {
    "name": "Require(40) node_modules/egg-security/app/extend/helper.js",
    "start": 1612619568576,
    "end": 1612619568590,
    "duration": 14,
    "pid": 26952,
    "index": 49
  },
  {
    "name": "Require(41) node_modules/egg/app/extend/helper.js",
    "start": 1612619568592,
    "end": 1612619568592,
    "duration": 0,
    "pid": 26952,
    "index": 50
  },
  {
    "name": "Require(42) app/extend/helper.js",
    "start": 1612619568592,
    "end": 1612619568605,
    "duration": 13,
    "pid": 26952,
    "index": 51
  },
  {
    "name": "Load app.js",
    "start": 1612619568607,
    "end": 1612619568632,
    "duration": 25,
    "pid": 26952,
    "index": 52
  },
  {
    "name": "Require(43) node_modules/egg-session/app.js",
    "start": 1612619568608,
    "end": 1612619568608,
    "duration": 0,
    "pid": 26952,
    "index": 53
  },
  {
    "name": "Require(44) node_modules/egg-security/app.js",
    "start": 1612619568608,
    "end": 1612619568609,
    "duration": 1,
    "pid": 26952,
    "index": 54
  },
  {
    "name": "Require(45) node_modules/egg-onerror/app.js",
    "start": 1612619568609,
    "end": 1612619568615,
    "duration": 6,
    "pid": 26952,
    "index": 55
  },
  {
    "name": "Require(46) node_modules/egg-i18n/app.js",
    "start": 1612619568615,
    "end": 1612619568623,
    "duration": 8,
    "pid": 26952,
    "index": 56
  },
  {
    "name": "Require(47) node_modules/egg-watcher/app.js",
    "start": 1612619568623,
    "end": 1612619568625,
    "duration": 2,
    "pid": 26952,
    "index": 57
  },
  {
    "name": "Require(48) node_modules/egg-schedule/app.js",
    "start": 1612619568626,
    "end": 1612619568627,
    "duration": 1,
    "pid": 26952,
    "index": 58
  },
  {
    "name": "Require(49) node_modules/egg-multipart/app.js",
    "start": 1612619568627,
    "end": 1612619568627,
    "duration": 0,
    "pid": 26952,
    "index": 59
  },
  {
    "name": "Require(50) node_modules/egg-development/app.js",
    "start": 1612619568627,
    "end": 1612619568628,
    "duration": 1,
    "pid": 26952,
    "index": 60
  },
  {
    "name": "Require(51) node_modules/egg-logrotator/app.js",
    "start": 1612619568628,
    "end": 1612619568628,
    "duration": 0,
    "pid": 26952,
    "index": 61
  },
  {
    "name": "Require(52) node_modules/egg-static/app.js",
    "start": 1612619568628,
    "end": 1612619568629,
    "duration": 1,
    "pid": 26952,
    "index": 62
  },
  {
    "name": "Require(53) node_modules/egg-mongoose/app.js",
    "start": 1612619568629,
    "end": 1612619568629,
    "duration": 0,
    "pid": 26952,
    "index": 63
  },
  {
    "name": "Require(54) node_modules/egg-validate/app.js",
    "start": 1612619568629,
    "end": 1612619568631,
    "duration": 2,
    "pid": 26952,
    "index": 64
  },
  {
    "name": "Require(55) node_modules/egg-cors/app.js",
    "start": 1612619568631,
    "end": 1612619568631,
    "duration": 0,
    "pid": 26952,
    "index": 65
  },
  {
    "name": "Before Start in node_modules/egg-watcher/lib/init.js:15:14",
    "start": 1612619568640,
    "end": 1612619569147,
    "duration": 507,
    "pid": 26952,
    "index": 66
  },
  {
    "name": "Before Start in node_modules/egg-mongoose/lib/mongoose.js:104:7",
    "start": 1612619568972,
    "end": 1612619569145,
    "duration": 173,
    "pid": 26952,
    "index": 67
  },
  {
    "name": "Before Start in node_modules/egg-mongoose/lib/mongoose.js:52:9",
    "start": 1612619568973,
    "end": 1612619569132,
    "duration": 159,
    "pid": 26952,
    "index": 68
  },
  {
    "name": "Load Service",
    "start": 1612619568973,
    "end": 1612619569013,
    "duration": 40,
    "pid": 26952,
    "index": 69
  },
  {
    "name": "Load \"service\" to Context",
    "start": 1612619568973,
    "end": 1612619569013,
    "duration": 40,
    "pid": 26952,
    "index": 70
  },
  {
    "name": "Load Middleware",
    "start": 1612619569013,
    "end": 1612619569102,
    "duration": 89,
    "pid": 26952,
    "index": 71
  },
  {
    "name": "Load \"middlewares\" to Application",
    "start": 1612619569013,
    "end": 1612619569093,
    "duration": 80,
    "pid": 26952,
    "index": 72
  },
  {
    "name": "Load Controller",
    "start": 1612619569102,
    "end": 1612619569106,
    "duration": 4,
    "pid": 26952,
    "index": 73
  },
  {
    "name": "Load \"controller\" to Application",
    "start": 1612619569102,
    "end": 1612619569106,
    "duration": 4,
    "pid": 26952,
    "index": 74
  },
  {
    "name": "Load Router",
    "start": 1612619569106,
    "end": 1612619569109,
    "duration": 3,
    "pid": 26952,
    "index": 75
  },
  {
    "name": "Require(56) app/router.js",
    "start": 1612619569106,
    "end": 1612619569106,
    "duration": 0,
    "pid": 26952,
    "index": 76
  },
  {
    "name": "Before Start in node_modules/egg-core/lib/egg.js:303:10",
    "start": 1612619569107,
    "end": 1612619569132,
    "duration": 25,
    "pid": 26952,
    "index": 77
  },
  {
    "name": "Load \"model\" to Application",
    "start": 1612619569116,
    "end": 1612619569132,
    "duration": 16,
    "pid": 26952,
    "index": 78
  }
]