[
  {
    "name": "Process Start",
    "start": 1612618292998,
    "end": 1612618293753,
    "duration": 755,
    "pid": 14156,
    "index": 0
  },
  {
    "name": "Application Start",
    "start": 1612618293754,
    "end": 1612618294449,
    "duration": 695,
    "pid": 14156,
    "index": 1
  },
  {
    "name": "Load Plugin",
    "start": 1612618293758,
    "end": 1612618293774,
    "duration": 16,
    "pid": 14156,
    "index": 2
  },
  {
    "name": "Load Config",
    "start": 1612618293774,
    "end": 1612618293793,
    "duration": 19,
    "pid": 14156,
    "index": 3
  },
  {
    "name": "Require(0) config/config.default.js",
    "start": 1612618293775,
    "end": 1612618293775,
    "duration": 0,
    "pid": 14156,
    "index": 4
  },
  {
    "name": "Require(1) config/config.local.js",
    "start": 1612618293776,
    "end": 1612618293776,
    "duration": 0,
    "pid": 14156,
    "index": 5
  },
  {
    "name": "Require(2) node_modules/egg-session/config/config.default.js",
    "start": 1612618293777,
    "end": 1612618293777,
    "duration": 0,
    "pid": 14156,
    "index": 6
  },
  {
    "name": "Require(3) node_modules/egg-security/config/config.default.js",
    "start": 1612618293777,
    "end": 1612618293778,
    "duration": 1,
    "pid": 14156,
    "index": 7
  },
  {
    "name": "Require(4) node_modules/egg-jsonp/config/config.default.js",
    "start": 1612618293779,
    "end": 1612618293779,
    "duration": 0,
    "pid": 14156,
    "index": 8
  },
  {
    "name": "Require(5) node_modules/egg-onerror/config/config.default.js",
    "start": 1612618293779,
    "end": 1612618293780,
    "duration": 1,
    "pid": 14156,
    "index": 9
  },
  {
    "name": "Require(6) node_modules/egg-i18n/config/config.default.js",
    "start": 1612618293780,
    "end": 1612618293780,
    "duration": 0,
    "pid": 14156,
    "index": 10
  },
  {
    "name": "Require(7) node_modules/egg-watcher/config/config.default.js",
    "start": 1612618293781,
    "end": 1612618293781,
    "duration": 0,
    "pid": 14156,
    "index": 11
  },
  {
    "name": "Require(8) node_modules/egg-schedule/config/config.default.js",
    "start": 1612618293782,
    "end": 1612618293782,
    "duration": 0,
    "pid": 14156,
    "index": 12
  },
  {
    "name": "Require(9) node_modules/egg-multipart/config/config.default.js",
    "start": 1612618293782,
    "end": 1612618293783,
    "duration": 1,
    "pid": 14156,
    "index": 13
  },
  {
    "name": "Require(10) node_modules/egg-development/config/config.default.js",
    "start": 1612618293783,
    "end": 1612618293783,
    "duration": 0,
    "pid": 14156,
    "index": 14
  },
  {
    "name": "Require(11) node_modules/egg-logrotator/config/config.default.js",
    "start": 1612618293784,
    "end": 1612618293784,
    "duration": 0,
    "pid": 14156,
    "index": 15
  },
  {
    "name": "Require(12) node_modules/egg-static/config/config.default.js",
    "start": 1612618293784,
    "end": 1612618293785,
    "duration": 1,
    "pid": 14156,
    "index": 16
  },
  {
    "name": "Require(13) node_modules/egg-view/config/config.default.js",
    "start": 1612618293785,
    "end": 1612618293786,
    "duration": 1,
    "pid": 14156,
    "index": 17
  },
  {
    "name": "Require(14) node_modules/egg-mongoose/config/config.default.js",
    "start": 1612618293786,
    "end": 1612618293786,
    "duration": 0,
    "pid": 14156,
    "index": 18
  },
  {
    "name": "Require(15) node_modules/egg-validate/config/config.default.js",
    "start": 1612618293787,
    "end": 1612618293787,
    "duration": 0,
    "pid": 14156,
    "index": 19
  },
  {
    "name": "Require(16) node_modules/egg-cors/config/config.default.js",
    "start": 1612618293787,
    "end": 1612618293788,
    "duration": 1,
    "pid": 14156,
    "index": 20
  },
  {
    "name": "Require(17) node_modules/egg/config/config.default.js",
    "start": 1612618293788,
    "end": 1612618293788,
    "duration": 0,
    "pid": 14156,
    "index": 21
  },
  {
    "name": "Require(18) config/config.default.js",
    "start": 1612618293789,
    "end": 1612618293789,
    "duration": 0,
    "pid": 14156,
    "index": 22
  },
  {
    "name": "Require(19) node_modules/egg-security/config/config.local.js",
    "start": 1612618293790,
    "end": 1612618293790,
    "duration": 0,
    "pid": 14156,
    "index": 23
  },
  {
    "name": "Require(20) node_modules/egg-watcher/config/config.local.js",
    "start": 1612618293791,
    "end": 1612618293791,
    "duration": 0,
    "pid": 14156,
    "index": 24
  },
  {
    "name": "Require(21) node_modules/egg-view/config/config.local.js",
    "start": 1612618293792,
    "end": 1612618293792,
    "duration": 0,
    "pid": 14156,
    "index": 25
  },
  {
    "name": "Require(22) node_modules/egg/config/config.local.js",
    "start": 1612618293793,
    "end": 1612618293793,
    "duration": 0,
    "pid": 14156,
    "index": 26
  },
  {
    "name": "Require(23) config/config.local.js",
    "start": 1612618293793,
    "end": 1612618293793,
    "duration": 0,
    "pid": 14156,
    "index": 27
  },
  {
    "name": "Load extend/application.js",
    "start": 1612618293794,
    "end": 1612618293849,
    "duration": 55,
    "pid": 14156,
    "index": 28
  },
  {
    "name": "Require(24) node_modules/egg-session/app/extend/application.js",
    "start": 1612618293794,
    "end": 1612618293795,
    "duration": 1,
    "pid": 14156,
    "index": 29
  },
  {
    "name": "Require(25) node_modules/egg-security/app/extend/application.js",
    "start": 1612618293795,
    "end": 1612618293796,
    "duration": 1,
    "pid": 14156,
    "index": 30
  },
  {
    "name": "Require(26) node_modules/egg-jsonp/app/extend/application.js",
    "start": 1612618293796,
    "end": 1612618293797,
    "duration": 1,
    "pid": 14156,
    "index": 31
  },
  {
    "name": "Require(27) node_modules/egg-logrotator/app/extend/application.js",
    "start": 1612618293798,
    "end": 1612618293804,
    "duration": 6,
    "pid": 14156,
    "index": 32
  },
  {
    "name": "Require(28) node_modules/egg-view/app/extend/application.js",
    "start": 1612618293804,
    "end": 1612618293805,
    "duration": 1,
    "pid": 14156,
    "index": 33
  },
  {
    "name": "Require(29) app/extend/application.js",
    "start": 1612618293806,
    "end": 1612618293846,
    "duration": 40,
    "pid": 14156,
    "index": 34
  },
  {
    "name": "Load extend/request.js",
    "start": 1612618293849,
    "end": 1612618293855,
    "duration": 6,
    "pid": 14156,
    "index": 35
  },
  {
    "name": "Require(30) node_modules/egg/app/extend/request.js",
    "start": 1612618293851,
    "end": 1612618293852,
    "duration": 1,
    "pid": 14156,
    "index": 36
  },
  {
    "name": "Load extend/response.js",
    "start": 1612618293855,
    "end": 1612618293861,
    "duration": 6,
    "pid": 14156,
    "index": 37
  },
  {
    "name": "Require(31) node_modules/egg/app/extend/response.js",
    "start": 1612618293857,
    "end": 1612618293858,
    "duration": 1,
    "pid": 14156,
    "index": 38
  },
  {
    "name": "Load extend/context.js",
    "start": 1612618293861,
    "end": 1612618293911,
    "duration": 50,
    "pid": 14156,
    "index": 39
  },
  {
    "name": "Require(32) node_modules/egg-security/app/extend/context.js",
    "start": 1612618293861,
    "end": 1612618293871,
    "duration": 10,
    "pid": 14156,
    "index": 40
  },
  {
    "name": "Require(33) node_modules/egg-jsonp/app/extend/context.js",
    "start": 1612618293872,
    "end": 1612618293872,
    "duration": 0,
    "pid": 14156,
    "index": 41
  },
  {
    "name": "Require(34) node_modules/egg-i18n/app/extend/context.js",
    "start": 1612618293873,
    "end": 1612618293873,
    "duration": 0,
    "pid": 14156,
    "index": 42
  },
  {
    "name": "Require(35) node_modules/egg-multipart/app/extend/context.js",
    "start": 1612618293874,
    "end": 1612618293905,
    "duration": 31,
    "pid": 14156,
    "index": 43
  },
  {
    "name": "Require(36) node_modules/egg-view/app/extend/context.js",
    "start": 1612618293906,
    "end": 1612618293906,
    "duration": 0,
    "pid": 14156,
    "index": 44
  },
  {
    "name": "Require(37) node_modules/egg-mongoose/app/extend/context.js",
    "start": 1612618293907,
    "end": 1612618293907,
    "duration": 0,
    "pid": 14156,
    "index": 45
  },
  {
    "name": "Require(38) node_modules/egg-validate/app/extend/context.js",
    "start": 1612618293907,
    "end": 1612618293907,
    "duration": 0,
    "pid": 14156,
    "index": 46
  },
  {
    "name": "Require(39) node_modules/egg/app/extend/context.js",
    "start": 1612618293908,
    "end": 1612618293909,
    "duration": 1,
    "pid": 14156,
    "index": 47
  },
  {
    "name": "Load extend/helper.js",
    "start": 1612618293911,
    "end": 1612618293942,
    "duration": 31,
    "pid": 14156,
    "index": 48
  },
  {
    "name": "Require(40) node_modules/egg-security/app/extend/helper.js",
    "start": 1612618293912,
    "end": 1612618293923,
    "duration": 11,
    "pid": 14156,
    "index": 49
  },
  {
    "name": "Require(41) node_modules/egg/app/extend/helper.js",
    "start": 1612618293925,
    "end": 1612618293926,
    "duration": 1,
    "pid": 14156,
    "index": 50
  },
  {
    "name": "Require(42) app/extend/helper.js",
    "start": 1612618293926,
    "end": 1612618293939,
    "duration": 13,
    "pid": 14156,
    "index": 51
  },
  {
    "name": "Load app.js",
    "start": 1612618293942,
    "end": 1612618293968,
    "duration": 26,
    "pid": 14156,
    "index": 52
  },
  {
    "name": "Require(43) node_modules/egg-session/app.js",
    "start": 1612618293943,
    "end": 1612618293943,
    "duration": 0,
    "pid": 14156,
    "index": 53
  },
  {
    "name": "Require(44) node_modules/egg-security/app.js",
    "start": 1612618293943,
    "end": 1612618293944,
    "duration": 1,
    "pid": 14156,
    "index": 54
  },
  {
    "name": "Require(45) node_modules/egg-onerror/app.js",
    "start": 1612618293945,
    "end": 1612618293950,
    "duration": 5,
    "pid": 14156,
    "index": 55
  },
  {
    "name": "Require(46) node_modules/egg-i18n/app.js",
    "start": 1612618293950,
    "end": 1612618293958,
    "duration": 8,
    "pid": 14156,
    "index": 56
  },
  {
    "name": "Require(47) node_modules/egg-watcher/app.js",
    "start": 1612618293958,
    "end": 1612618293961,
    "duration": 3,
    "pid": 14156,
    "index": 57
  },
  {
    "name": "Require(48) node_modules/egg-schedule/app.js",
    "start": 1612618293961,
    "end": 1612618293962,
    "duration": 1,
    "pid": 14156,
    "index": 58
  },
  {
    "name": "Require(49) node_modules/egg-multipart/app.js",
    "start": 1612618293963,
    "end": 1612618293963,
    "duration": 0,
    "pid": 14156,
    "index": 59
  },
  {
    "name": "Require(50) node_modules/egg-development/app.js",
    "start": 1612618293963,
    "end": 1612618293964,
    "duration": 1,
    "pid": 14156,
    "index": 60
  },
  {
    "name": "Require(51) node_modules/egg-logrotator/app.js",
    "start": 1612618293964,
    "end": 1612618293964,
    "duration": 0,
    "pid": 14156,
    "index": 61
  },
  {
    "name": "Require(52) node_modules/egg-static/app.js",
    "start": 1612618293964,
    "end": 1612618293964,
    "duration": 0,
    "pid": 14156,
    "index": 62
  },
  {
    "name": "Require(53) node_modules/egg-mongoose/app.js",
    "start": 1612618293965,
    "end": 1612618293965,
    "duration": 0,
    "pid": 14156,
    "index": 63
  },
  {
    "name": "Require(54) node_modules/egg-validate/app.js",
    "start": 1612618293965,
    "end": 1612618293967,
    "duration": 2,
    "pid": 14156,
    "index": 64
  },
  {
    "name": "Require(55) node_modules/egg-cors/app.js",
    "start": 1612618293967,
    "end": 1612618293967,
    "duration": 0,
    "pid": 14156,
    "index": 65
  },
  {
    "name": "Before Start in node_modules/egg-watcher/lib/init.js:15:14",
    "start": 1612618293978,
    "end": 1612618294449,
    "duration": 471,
    "pid": 14156,
    "index": 66
  },
  {
    "name": "Before Start in node_modules/egg-mongoose/lib/mongoose.js:104:7",
    "start": 1612618294302,
    "end": 1612618294447,
    "duration": 145,
    "pid": 14156,
    "index": 67
  },
  {
    "name": "Before Start in node_modules/egg-mongoose/lib/mongoose.js:52:9",
    "start": 1612618294302,
    "end": 1612618294433,
    "duration": 131,
    "pid": 14156,
    "index": 68
  },
  {
    "name": "Load Service",
    "start": 1612618294302,
    "end": 1612618294327,
    "duration": 25,
    "pid": 14156,
    "index": 69
  },
  {
    "name": "Load \"service\" to Context",
    "start": 1612618294302,
    "end": 1612618294327,
    "duration": 25,
    "pid": 14156,
    "index": 70
  },
  {
    "name": "Load Middleware",
    "start": 1612618294327,
    "end": 1612618294403,
    "duration": 76,
    "pid": 14156,
    "index": 71
  },
  {
    "name": "Load \"middlewares\" to Application",
    "start": 1612618294327,
    "end": 1612618294395,
    "duration": 68,
    "pid": 14156,
    "index": 72
  },
  {
    "name": "Load Controller",
    "start": 1612618294403,
    "end": 1612618294406,
    "duration": 3,
    "pid": 14156,
    "index": 73
  },
  {
    "name": "Load \"controller\" to Application",
    "start": 1612618294403,
    "end": 1612618294406,
    "duration": 3,
    "pid": 14156,
    "index": 74
  },
  {
    "name": "Load Router",
    "start": 1612618294406,
    "end": 1612618294409,
    "duration": 3,
    "pid": 14156,
    "index": 75
  },
  {
    "name": "Require(56) app/router.js",
    "start": 1612618294407,
    "end": 1612618294407,
    "duration": 0,
    "pid": 14156,
    "index": 76
  },
  {
    "name": "Before Start in node_modules/egg-core/lib/egg.js:303:10",
    "start": 1612618294407,
    "end": 1612618294433,
    "duration": 26,
    "pid": 14156,
    "index": 77
  },
  {
    "name": "Load \"model\" to Application",
    "start": 1612618294416,
    "end": 1612618294432,
    "duration": 16,
    "pid": 14156,
    "index": 78
  }
]