[
  {
    "name": "Process Start",
    "start": 1612618802862,
    "end": 1612618803628,
    "duration": 766,
    "pid": 22028,
    "index": 0
  },
  {
    "name": "Application Start",
    "start": 1612618803628,
    "end": 1612618804320,
    "duration": 692,
    "pid": 22028,
    "index": 1
  },
  {
    "name": "Load Plugin",
    "start": 1612618803632,
    "end": 1612618803648,
    "duration": 16,
    "pid": 22028,
    "index": 2
  },
  {
    "name": "Load Config",
    "start": 1612618803648,
    "end": 1612618803666,
    "duration": 18,
    "pid": 22028,
    "index": 3
  },
  {
    "name": "Require(0) config/config.default.js",
    "start": 1612618803649,
    "end": 1612618803649,
    "duration": 0,
    "pid": 22028,
    "index": 4
  },
  {
    "name": "Require(1) config/config.local.js",
    "start": 1612618803650,
    "end": 1612618803650,
    "duration": 0,
    "pid": 22028,
    "index": 5
  },
  {
    "name": "Require(2) node_modules/egg-session/config/config.default.js",
    "start": 1612618803651,
    "end": 1612618803651,
    "duration": 0,
    "pid": 22028,
    "index": 6
  },
  {
    "name": "Require(3) node_modules/egg-security/config/config.default.js",
    "start": 1612618803651,
    "end": 1612618803652,
    "duration": 1,
    "pid": 22028,
    "index": 7
  },
  {
    "name": "Require(4) node_modules/egg-jsonp/config/config.default.js",
    "start": 1612618803652,
    "end": 1612618803653,
    "duration": 1,
    "pid": 22028,
    "index": 8
  },
  {
    "name": "Require(5) node_modules/egg-onerror/config/config.default.js",
    "start": 1612618803653,
    "end": 1612618803653,
    "duration": 0,
    "pid": 22028,
    "index": 9
  },
  {
    "name": "Require(6) node_modules/egg-i18n/config/config.default.js",
    "start": 1612618803654,
    "end": 1612618803654,
    "duration": 0,
    "pid": 22028,
    "index": 10
  },
  {
    "name": "Require(7) node_modules/egg-watcher/config/config.default.js",
    "start": 1612618803654,
    "end": 1612618803655,
    "duration": 1,
    "pid": 22028,
    "index": 11
  },
  {
    "name": "Require(8) node_modules/egg-schedule/config/config.default.js",
    "start": 1612618803655,
    "end": 1612618803655,
    "duration": 0,
    "pid": 22028,
    "index": 12
  },
  {
    "name": "Require(9) node_modules/egg-multipart/config/config.default.js",
    "start": 1612618803656,
    "end": 1612618803656,
    "duration": 0,
    "pid": 22028,
    "index": 13
  },
  {
    "name": "Require(10) node_modules/egg-development/config/config.default.js",
    "start": 1612618803657,
    "end": 1612618803657,
    "duration": 0,
    "pid": 22028,
    "index": 14
  },
  {
    "name": "Require(11) node_modules/egg-logrotator/config/config.default.js",
    "start": 1612618803657,
    "end": 1612618803658,
    "duration": 1,
    "pid": 22028,
    "index": 15
  },
  {
    "name": "Require(12) node_modules/egg-static/config/config.default.js",
    "start": 1612618803658,
    "end": 1612618803658,
    "duration": 0,
    "pid": 22028,
    "index": 16
  },
  {
    "name": "Require(13) node_modules/egg-view/config/config.default.js",
    "start": 1612618803659,
    "end": 1612618803659,
    "duration": 0,
    "pid": 22028,
    "index": 17
  },
  {
    "name": "Require(14) node_modules/egg-mongoose/config/config.default.js",
    "start": 1612618803659,
    "end": 1612618803660,
    "duration": 1,
    "pid": 22028,
    "index": 18
  },
  {
    "name": "Require(15) node_modules/egg-validate/config/config.default.js",
    "start": 1612618803660,
    "end": 1612618803660,
    "duration": 0,
    "pid": 22028,
    "index": 19
  },
  {
    "name": "Require(16) node_modules/egg-cors/config/config.default.js",
    "start": 1612618803661,
    "end": 1612618803661,
    "duration": 0,
    "pid": 22028,
    "index": 20
  },
  {
    "name": "Require(17) node_modules/egg/config/config.default.js",
    "start": 1612618803661,
    "end": 1612618803662,
    "duration": 1,
    "pid": 22028,
    "index": 21
  },
  {
    "name": "Require(18) config/config.default.js",
    "start": 1612618803663,
    "end": 1612618803663,
    "duration": 0,
    "pid": 22028,
    "index": 22
  },
  {
    "name": "Require(19) node_modules/egg-security/config/config.local.js",
    "start": 1612618803663,
    "end": 1612618803663,
    "duration": 0,
    "pid": 22028,
    "index": 23
  },
  {
    "name": "Require(20) node_modules/egg-watcher/config/config.local.js",
    "start": 1612618803664,
    "end": 1612618803664,
    "duration": 0,
    "pid": 22028,
    "index": 24
  },
  {
    "name": "Require(21) node_modules/egg-view/config/config.local.js",
    "start": 1612618803665,
    "end": 1612618803665,
    "duration": 0,
    "pid": 22028,
    "index": 25
  },
  {
    "name": "Require(22) node_modules/egg/config/config.local.js",
    "start": 1612618803666,
    "end": 1612618803666,
    "duration": 0,
    "pid": 22028,
    "index": 26
  },
  {
    "name": "Require(23) config/config.local.js",
    "start": 1612618803666,
    "end": 1612618803666,
    "duration": 0,
    "pid": 22028,
    "index": 27
  },
  {
    "name": "Load extend/application.js",
    "start": 1612618803667,
    "end": 1612618803722,
    "duration": 55,
    "pid": 22028,
    "index": 28
  },
  {
    "name": "Require(24) node_modules/egg-session/app/extend/application.js",
    "start": 1612618803668,
    "end": 1612618803668,
    "duration": 0,
    "pid": 22028,
    "index": 29
  },
  {
    "name": "Require(25) node_modules/egg-security/app/extend/application.js",
    "start": 1612618803668,
    "end": 1612618803669,
    "duration": 1,
    "pid": 22028,
    "index": 30
  },
  {
    "name": "Require(26) node_modules/egg-jsonp/app/extend/application.js",
    "start": 1612618803669,
    "end": 1612618803670,
    "duration": 1,
    "pid": 22028,
    "index": 31
  },
  {
    "name": "Require(27) node_modules/egg-logrotator/app/extend/application.js",
    "start": 1612618803671,
    "end": 1612618803677,
    "duration": 6,
    "pid": 22028,
    "index": 32
  },
  {
    "name": "Require(28) node_modules/egg-view/app/extend/application.js",
    "start": 1612618803677,
    "end": 1612618803678,
    "duration": 1,
    "pid": 22028,
    "index": 33
  },
  {
    "name": "Require(29) app/extend/application.js",
    "start": 1612618803679,
    "end": 1612618803720,
    "duration": 41,
    "pid": 22028,
    "index": 34
  },
  {
    "name": "Load extend/request.js",
    "start": 1612618803722,
    "end": 1612618803728,
    "duration": 6,
    "pid": 22028,
    "index": 35
  },
  {
    "name": "Require(30) node_modules/egg/app/extend/request.js",
    "start": 1612618803724,
    "end": 1612618803725,
    "duration": 1,
    "pid": 22028,
    "index": 36
  },
  {
    "name": "Load extend/response.js",
    "start": 1612618803728,
    "end": 1612618803734,
    "duration": 6,
    "pid": 22028,
    "index": 37
  },
  {
    "name": "Require(31) node_modules/egg/app/extend/response.js",
    "start": 1612618803730,
    "end": 1612618803732,
    "duration": 2,
    "pid": 22028,
    "index": 38
  },
  {
    "name": "Load extend/context.js",
    "start": 1612618803734,
    "end": 1612618803784,
    "duration": 50,
    "pid": 22028,
    "index": 39
  },
  {
    "name": "Require(32) node_modules/egg-security/app/extend/context.js",
    "start": 1612618803735,
    "end": 1612618803745,
    "duration": 10,
    "pid": 22028,
    "index": 40
  },
  {
    "name": "Require(33) node_modules/egg-jsonp/app/extend/context.js",
    "start": 1612618803746,
    "end": 1612618803746,
    "duration": 0,
    "pid": 22028,
    "index": 41
  },
  {
    "name": "Require(34) node_modules/egg-i18n/app/extend/context.js",
    "start": 1612618803747,
    "end": 1612618803747,
    "duration": 0,
    "pid": 22028,
    "index": 42
  },
  {
    "name": "Require(35) node_modules/egg-multipart/app/extend/context.js",
    "start": 1612618803748,
    "end": 1612618803778,
    "duration": 30,
    "pid": 22028,
    "index": 43
  },
  {
    "name": "Require(36) node_modules/egg-view/app/extend/context.js",
    "start": 1612618803779,
    "end": 1612618803779,
    "duration": 0,
    "pid": 22028,
    "index": 44
  },
  {
    "name": "Require(37) node_modules/egg-mongoose/app/extend/context.js",
    "start": 1612618803780,
    "end": 1612618803780,
    "duration": 0,
    "pid": 22028,
    "index": 45
  },
  {
    "name": "Require(38) node_modules/egg-validate/app/extend/context.js",
    "start": 1612618803780,
    "end": 1612618803781,
    "duration": 1,
    "pid": 22028,
    "index": 46
  },
  {
    "name": "Require(39) node_modules/egg/app/extend/context.js",
    "start": 1612618803781,
    "end": 1612618803782,
    "duration": 1,
    "pid": 22028,
    "index": 47
  },
  {
    "name": "Load extend/helper.js",
    "start": 1612618803784,
    "end": 1612618803815,
    "duration": 31,
    "pid": 22028,
    "index": 48
  },
  {
    "name": "Require(40) node_modules/egg-security/app/extend/helper.js",
    "start": 1612618803784,
    "end": 1612618803797,
    "duration": 13,
    "pid": 22028,
    "index": 49
  },
  {
    "name": "Require(41) node_modules/egg/app/extend/helper.js",
    "start": 1612618803799,
    "end": 1612618803800,
    "duration": 1,
    "pid": 22028,
    "index": 50
  },
  {
    "name": "Require(42) app/extend/helper.js",
    "start": 1612618803800,
    "end": 1612618803812,
    "duration": 12,
    "pid": 22028,
    "index": 51
  },
  {
    "name": "Load app.js",
    "start": 1612618803815,
    "end": 1612618803838,
    "duration": 23,
    "pid": 22028,
    "index": 52
  },
  {
    "name": "Require(43) node_modules/egg-session/app.js",
    "start": 1612618803815,
    "end": 1612618803815,
    "duration": 0,
    "pid": 22028,
    "index": 53
  },
  {
    "name": "Require(44) node_modules/egg-security/app.js",
    "start": 1612618803816,
    "end": 1612618803817,
    "duration": 1,
    "pid": 22028,
    "index": 54
  },
  {
    "name": "Require(45) node_modules/egg-onerror/app.js",
    "start": 1612618803817,
    "end": 1612618803822,
    "duration": 5,
    "pid": 22028,
    "index": 55
  },
  {
    "name": "Require(46) node_modules/egg-i18n/app.js",
    "start": 1612618803822,
    "end": 1612618803829,
    "duration": 7,
    "pid": 22028,
    "index": 56
  },
  {
    "name": "Require(47) node_modules/egg-watcher/app.js",
    "start": 1612618803830,
    "end": 1612618803832,
    "duration": 2,
    "pid": 22028,
    "index": 57
  },
  {
    "name": "Require(48) node_modules/egg-schedule/app.js",
    "start": 1612618803832,
    "end": 1612618803833,
    "duration": 1,
    "pid": 22028,
    "index": 58
  },
  {
    "name": "Require(49) node_modules/egg-multipart/app.js",
    "start": 1612618803833,
    "end": 1612618803834,
    "duration": 1,
    "pid": 22028,
    "index": 59
  },
  {
    "name": "Require(50) node_modules/egg-development/app.js",
    "start": 1612618803834,
    "end": 1612618803834,
    "duration": 0,
    "pid": 22028,
    "index": 60
  },
  {
    "name": "Require(51) node_modules/egg-logrotator/app.js",
    "start": 1612618803834,
    "end": 1612618803835,
    "duration": 1,
    "pid": 22028,
    "index": 61
  },
  {
    "name": "Require(52) node_modules/egg-static/app.js",
    "start": 1612618803835,
    "end": 1612618803835,
    "duration": 0,
    "pid": 22028,
    "index": 62
  },
  {
    "name": "Require(53) node_modules/egg-mongoose/app.js",
    "start": 1612618803835,
    "end": 1612618803836,
    "duration": 1,
    "pid": 22028,
    "index": 63
  },
  {
    "name": "Require(54) node_modules/egg-validate/app.js",
    "start": 1612618803836,
    "end": 1612618803837,
    "duration": 1,
    "pid": 22028,
    "index": 64
  },
  {
    "name": "Require(55) node_modules/egg-cors/app.js",
    "start": 1612618803837,
    "end": 1612618803838,
    "duration": 1,
    "pid": 22028,
    "index": 65
  },
  {
    "name": "Before Start in node_modules/egg-watcher/lib/init.js:15:14",
    "start": 1612618803846,
    "end": 1612618804320,
    "duration": 474,
    "pid": 22028,
    "index": 66
  },
  {
    "name": "Before Start in node_modules/egg-mongoose/lib/mongoose.js:104:7",
    "start": 1612618804173,
    "end": 1612618804318,
    "duration": 145,
    "pid": 22028,
    "index": 67
  },
  {
    "name": "Before Start in node_modules/egg-mongoose/lib/mongoose.js:52:9",
    "start": 1612618804174,
    "end": 1612618804306,
    "duration": 132,
    "pid": 22028,
    "index": 68
  },
  {
    "name": "Load Service",
    "start": 1612618804174,
    "end": 1612618804200,
    "duration": 26,
    "pid": 22028,
    "index": 69
  },
  {
    "name": "Load \"service\" to Context",
    "start": 1612618804174,
    "end": 1612618804200,
    "duration": 26,
    "pid": 22028,
    "index": 70
  },
  {
    "name": "Load Middleware",
    "start": 1612618804200,
    "end": 1612618804277,
    "duration": 77,
    "pid": 22028,
    "index": 71
  },
  {
    "name": "Load \"middlewares\" to Application",
    "start": 1612618804200,
    "end": 1612618804269,
    "duration": 69,
    "pid": 22028,
    "index": 72
  },
  {
    "name": "Load Controller",
    "start": 1612618804277,
    "end": 1612618804280,
    "duration": 3,
    "pid": 22028,
    "index": 73
  },
  {
    "name": "Load \"controller\" to Application",
    "start": 1612618804277,
    "end": 1612618804280,
    "duration": 3,
    "pid": 22028,
    "index": 74
  },
  {
    "name": "Load Router",
    "start": 1612618804280,
    "end": 1612618804283,
    "duration": 3,
    "pid": 22028,
    "index": 75
  },
  {
    "name": "Require(56) app/router.js",
    "start": 1612618804280,
    "end": 1612618804281,
    "duration": 1,
    "pid": 22028,
    "index": 76
  },
  {
    "name": "Before Start in node_modules/egg-core/lib/egg.js:303:10",
    "start": 1612618804281,
    "end": 1612618804306,
    "duration": 25,
    "pid": 22028,
    "index": 77
  },
  {
    "name": "Load \"model\" to Application",
    "start": 1612618804289,
    "end": 1612618804305,
    "duration": 16,
    "pid": 22028,
    "index": 78
  }
]