[
  {
    "name": "Process Start",
    "start": 1612619490667,
    "end": 1612619491429,
    "duration": 762,
    "pid": 26572,
    "index": 0
  },
  {
    "name": "Application Start",
    "start": 1612619491430,
    "end": 1612619492132,
    "duration": 702,
    "pid": 26572,
    "index": 1
  },
  {
    "name": "Load Plugin",
    "start": 1612619491434,
    "end": 1612619491449,
    "duration": 15,
    "pid": 26572,
    "index": 2
  },
  {
    "name": "Load Config",
    "start": 1612619491449,
    "end": 1612619491470,
    "duration": 21,
    "pid": 26572,
    "index": 3
  },
  {
    "name": "Require(0) config/config.default.js",
    "start": 1612619491450,
    "end": 1612619491450,
    "duration": 0,
    "pid": 26572,
    "index": 4
  },
  {
    "name": "Require(1) config/config.local.js",
    "start": 1612619491451,
    "end": 1612619491451,
    "duration": 0,
    "pid": 26572,
    "index": 5
  },
  {
    "name": "Require(2) node_modules/egg-session/config/config.default.js",
    "start": 1612619491452,
    "end": 1612619491452,
    "duration": 0,
    "pid": 26572,
    "index": 6
  },
  {
    "name": "Require(3) node_modules/egg-security/config/config.default.js",
    "start": 1612619491452,
    "end": 1612619491453,
    "duration": 1,
    "pid": 26572,
    "index": 7
  },
  {
    "name": "Require(4) node_modules/egg-jsonp/config/config.default.js",
    "start": 1612619491453,
    "end": 1612619491454,
    "duration": 1,
    "pid": 26572,
    "index": 8
  },
  {
    "name": "Require(5) node_modules/egg-onerror/config/config.default.js",
    "start": 1612619491454,
    "end": 1612619491454,
    "duration": 0,
    "pid": 26572,
    "index": 9
  },
  {
    "name": "Require(6) node_modules/egg-i18n/config/config.default.js",
    "start": 1612619491455,
    "end": 1612619491455,
    "duration": 0,
    "pid": 26572,
    "index": 10
  },
  {
    "name": "Require(7) node_modules/egg-watcher/config/config.default.js",
    "start": 1612619491456,
    "end": 1612619491456,
    "duration": 0,
    "pid": 26572,
    "index": 11
  },
  {
    "name": "Require(8) node_modules/egg-schedule/config/config.default.js",
    "start": 1612619491456,
    "end": 1612619491457,
    "duration": 1,
    "pid": 26572,
    "index": 12
  },
  {
    "name": "Require(9) node_modules/egg-multipart/config/config.default.js",
    "start": 1612619491457,
    "end": 1612619491457,
    "duration": 0,
    "pid": 26572,
    "index": 13
  },
  {
    "name": "Require(10) node_modules/egg-development/config/config.default.js",
    "start": 1612619491458,
    "end": 1612619491458,
    "duration": 0,
    "pid": 26572,
    "index": 14
  },
  {
    "name": "Require(11) node_modules/egg-logrotator/config/config.default.js",
    "start": 1612619491459,
    "end": 1612619491459,
    "duration": 0,
    "pid": 26572,
    "index": 15
  },
  {
    "name": "Require(12) node_modules/egg-static/config/config.default.js",
    "start": 1612619491459,
    "end": 1612619491460,
    "duration": 1,
    "pid": 26572,
    "index": 16
  },
  {
    "name": "Require(13) node_modules/egg-view/config/config.default.js",
    "start": 1612619491460,
    "end": 1612619491460,
    "duration": 0,
    "pid": 26572,
    "index": 17
  },
  {
    "name": "Require(14) node_modules/egg-mongoose/config/config.default.js",
    "start": 1612619491461,
    "end": 1612619491461,
    "duration": 0,
    "pid": 26572,
    "index": 18
  },
  {
    "name": "Require(15) node_modules/egg-validate/config/config.default.js",
    "start": 1612619491462,
    "end": 1612619491462,
    "duration": 0,
    "pid": 26572,
    "index": 19
  },
  {
    "name": "Require(16) node_modules/egg-cors/config/config.default.js",
    "start": 1612619491463,
    "end": 1612619491463,
    "duration": 0,
    "pid": 26572,
    "index": 20
  },
  {
    "name": "Require(17) node_modules/egg/config/config.default.js",
    "start": 1612619491464,
    "end": 1612619491465,
    "duration": 1,
    "pid": 26572,
    "index": 21
  },
  {
    "name": "Require(18) config/config.default.js",
    "start": 1612619491466,
    "end": 1612619491466,
    "duration": 0,
    "pid": 26572,
    "index": 22
  },
  {
    "name": "Require(19) node_modules/egg-security/config/config.local.js",
    "start": 1612619491466,
    "end": 1612619491467,
    "duration": 1,
    "pid": 26572,
    "index": 23
  },
  {
    "name": "Require(20) node_modules/egg-watcher/config/config.local.js",
    "start": 1612619491467,
    "end": 1612619491468,
    "duration": 1,
    "pid": 26572,
    "index": 24
  },
  {
    "name": "Require(21) node_modules/egg-view/config/config.local.js",
    "start": 1612619491468,
    "end": 1612619491469,
    "duration": 1,
    "pid": 26572,
    "index": 25
  },
  {
    "name": "Require(22) node_modules/egg/config/config.local.js",
    "start": 1612619491469,
    "end": 1612619491469,
    "duration": 0,
    "pid": 26572,
    "index": 26
  },
  {
    "name": "Require(23) config/config.local.js",
    "start": 1612619491470,
    "end": 1612619491470,
    "duration": 0,
    "pid": 26572,
    "index": 27
  },
  {
    "name": "Load extend/application.js",
    "start": 1612619491471,
    "end": 1612619491527,
    "duration": 56,
    "pid": 26572,
    "index": 28
  },
  {
    "name": "Require(24) node_modules/egg-session/app/extend/application.js",
    "start": 1612619491471,
    "end": 1612619491471,
    "duration": 0,
    "pid": 26572,
    "index": 29
  },
  {
    "name": "Require(25) node_modules/egg-security/app/extend/application.js",
    "start": 1612619491472,
    "end": 1612619491473,
    "duration": 1,
    "pid": 26572,
    "index": 30
  },
  {
    "name": "Require(26) node_modules/egg-jsonp/app/extend/application.js",
    "start": 1612619491473,
    "end": 1612619491474,
    "duration": 1,
    "pid": 26572,
    "index": 31
  },
  {
    "name": "Require(27) node_modules/egg-logrotator/app/extend/application.js",
    "start": 1612619491475,
    "end": 1612619491481,
    "duration": 6,
    "pid": 26572,
    "index": 32
  },
  {
    "name": "Require(28) node_modules/egg-view/app/extend/application.js",
    "start": 1612619491481,
    "end": 1612619491482,
    "duration": 1,
    "pid": 26572,
    "index": 33
  },
  {
    "name": "Require(29) app/extend/application.js",
    "start": 1612619491483,
    "end": 1612619491524,
    "duration": 41,
    "pid": 26572,
    "index": 34
  },
  {
    "name": "Load extend/request.js",
    "start": 1612619491527,
    "end": 1612619491533,
    "duration": 6,
    "pid": 26572,
    "index": 35
  },
  {
    "name": "Require(30) node_modules/egg/app/extend/request.js",
    "start": 1612619491529,
    "end": 1612619491530,
    "duration": 1,
    "pid": 26572,
    "index": 36
  },
  {
    "name": "Load extend/response.js",
    "start": 1612619491533,
    "end": 1612619491539,
    "duration": 6,
    "pid": 26572,
    "index": 37
  },
  {
    "name": "Require(31) node_modules/egg/app/extend/response.js",
    "start": 1612619491535,
    "end": 1612619491537,
    "duration": 2,
    "pid": 26572,
    "index": 38
  },
  {
    "name": "Load extend/context.js",
    "start": 1612619491539,
    "end": 1612619491589,
    "duration": 50,
    "pid": 26572,
    "index": 39
  },
  {
    "name": "Require(32) node_modules/egg-security/app/extend/context.js",
    "start": 1612619491540,
    "end": 1612619491550,
    "duration": 10,
    "pid": 26572,
    "index": 40
  },
  {
    "name": "Require(33) node_modules/egg-jsonp/app/extend/context.js",
    "start": 1612619491550,
    "end": 1612619491551,
    "duration": 1,
    "pid": 26572,
    "index": 41
  },
  {
    "name": "Require(34) node_modules/egg-i18n/app/extend/context.js",
    "start": 1612619491552,
    "end": 1612619491552,
    "duration": 0,
    "pid": 26572,
    "index": 42
  },
  {
    "name": "Require(35) node_modules/egg-multipart/app/extend/context.js",
    "start": 1612619491553,
    "end": 1612619491583,
    "duration": 30,
    "pid": 26572,
    "index": 43
  },
  {
    "name": "Require(36) node_modules/egg-view/app/extend/context.js",
    "start": 1612619491584,
    "end": 1612619491585,
    "duration": 1,
    "pid": 26572,
    "index": 44
  },
  {
    "name": "Require(37) node_modules/egg-mongoose/app/extend/context.js",
    "start": 1612619491585,
    "end": 1612619491585,
    "duration": 0,
    "pid": 26572,
    "index": 45
  },
  {
    "name": "Require(38) node_modules/egg-validate/app/extend/context.js",
    "start": 1612619491586,
    "end": 1612619491586,
    "duration": 0,
    "pid": 26572,
    "index": 46
  },
  {
    "name": "Require(39) node_modules/egg/app/extend/context.js",
    "start": 1612619491586,
    "end": 1612619491587,
    "duration": 1,
    "pid": 26572,
    "index": 47
  },
  {
    "name": "Load extend/helper.js",
    "start": 1612619491590,
    "end": 1612619491620,
    "duration": 30,
    "pid": 26572,
    "index": 48
  },
  {
    "name": "Require(40) node_modules/egg-security/app/extend/helper.js",
    "start": 1612619491590,
    "end": 1612619491603,
    "duration": 13,
    "pid": 26572,
    "index": 49
  },
  {
    "name": "Require(41) node_modules/egg/app/extend/helper.js",
    "start": 1612619491605,
    "end": 1612619491606,
    "duration": 1,
    "pid": 26572,
    "index": 50
  },
  {
    "name": "Require(42) app/extend/helper.js",
    "start": 1612619491606,
    "end": 1612619491618,
    "duration": 12,
    "pid": 26572,
    "index": 51
  },
  {
    "name": "Load app.js",
    "start": 1612619491621,
    "end": 1612619491645,
    "duration": 24,
    "pid": 26572,
    "index": 52
  },
  {
    "name": "Require(43) node_modules/egg-session/app.js",
    "start": 1612619491621,
    "end": 1612619491621,
    "duration": 0,
    "pid": 26572,
    "index": 53
  },
  {
    "name": "Require(44) node_modules/egg-security/app.js",
    "start": 1612619491621,
    "end": 1612619491623,
    "duration": 2,
    "pid": 26572,
    "index": 54
  },
  {
    "name": "Require(45) node_modules/egg-onerror/app.js",
    "start": 1612619491623,
    "end": 1612619491628,
    "duration": 5,
    "pid": 26572,
    "index": 55
  },
  {
    "name": "Require(46) node_modules/egg-i18n/app.js",
    "start": 1612619491628,
    "end": 1612619491636,
    "duration": 8,
    "pid": 26572,
    "index": 56
  },
  {
    "name": "Require(47) node_modules/egg-watcher/app.js",
    "start": 1612619491636,
    "end": 1612619491639,
    "duration": 3,
    "pid": 26572,
    "index": 57
  },
  {
    "name": "Require(48) node_modules/egg-schedule/app.js",
    "start": 1612619491639,
    "end": 1612619491640,
    "duration": 1,
    "pid": 26572,
    "index": 58
  },
  {
    "name": "Require(49) node_modules/egg-multipart/app.js",
    "start": 1612619491640,
    "end": 1612619491641,
    "duration": 1,
    "pid": 26572,
    "index": 59
  },
  {
    "name": "Require(50) node_modules/egg-development/app.js",
    "start": 1612619491641,
    "end": 1612619491641,
    "duration": 0,
    "pid": 26572,
    "index": 60
  },
  {
    "name": "Require(51) node_modules/egg-logrotator/app.js",
    "start": 1612619491641,
    "end": 1612619491641,
    "duration": 0,
    "pid": 26572,
    "index": 61
  },
  {
    "name": "Require(52) node_modules/egg-static/app.js",
    "start": 1612619491642,
    "end": 1612619491642,
    "duration": 0,
    "pid": 26572,
    "index": 62
  },
  {
    "name": "Require(53) node_modules/egg-mongoose/app.js",
    "start": 1612619491642,
    "end": 1612619491643,
    "duration": 1,
    "pid": 26572,
    "index": 63
  },
  {
    "name": "Require(54) node_modules/egg-validate/app.js",
    "start": 1612619491643,
    "end": 1612619491644,
    "duration": 1,
    "pid": 26572,
    "index": 64
  },
  {
    "name": "Require(55) node_modules/egg-cors/app.js",
    "start": 1612619491644,
    "end": 1612619491645,
    "duration": 1,
    "pid": 26572,
    "index": 65
  },
  {
    "name": "Before Start in node_modules/egg-watcher/lib/init.js:15:14",
    "start": 1612619491653,
    "end": 1612619492132,
    "duration": 479,
    "pid": 26572,
    "index": 66
  },
  {
    "name": "Before Start in node_modules/egg-mongoose/lib/mongoose.js:104:7",
    "start": 1612619491982,
    "end": 1612619492130,
    "duration": 148,
    "pid": 26572,
    "index": 67
  },
  {
    "name": "Before Start in node_modules/egg-mongoose/lib/mongoose.js:52:9",
    "start": 1612619491982,
    "end": 1612619492117,
    "duration": 135,
    "pid": 26572,
    "index": 68
  },
  {
    "name": "Load Service",
    "start": 1612619491983,
    "end": 1612619492009,
    "duration": 26,
    "pid": 26572,
    "index": 69
  },
  {
    "name": "Load \"service\" to Context",
    "start": 1612619491983,
    "end": 1612619492009,
    "duration": 26,
    "pid": 26572,
    "index": 70
  },
  {
    "name": "Load Middleware",
    "start": 1612619492009,
    "end": 1612619492087,
    "duration": 78,
    "pid": 26572,
    "index": 71
  },
  {
    "name": "Load \"middlewares\" to Application",
    "start": 1612619492009,
    "end": 1612619492079,
    "duration": 70,
    "pid": 26572,
    "index": 72
  },
  {
    "name": "Load Controller",
    "start": 1612619492087,
    "end": 1612619492091,
    "duration": 4,
    "pid": 26572,
    "index": 73
  },
  {
    "name": "Load \"controller\" to Application",
    "start": 1612619492087,
    "end": 1612619492091,
    "duration": 4,
    "pid": 26572,
    "index": 74
  },
  {
    "name": "Load Router",
    "start": 1612619492091,
    "end": 1612619492094,
    "duration": 3,
    "pid": 26572,
    "index": 75
  },
  {
    "name": "Require(56) app/router.js",
    "start": 1612619492091,
    "end": 1612619492092,
    "duration": 1,
    "pid": 26572,
    "index": 76
  },
  {
    "name": "Before Start in node_modules/egg-core/lib/egg.js:303:10",
    "start": 1612619492092,
    "end": 1612619492117,
    "duration": 25,
    "pid": 26572,
    "index": 77
  },
  {
    "name": "Load \"model\" to Application",
    "start": 1612619492100,
    "end": 1612619492116,
    "duration": 16,
    "pid": 26572,
    "index": 78
  }
]