[
  {
    "name": "Process Start",
    "start": 1612618625851,
    "end": 1612618626624,
    "duration": 773,
    "pid": 25400,
    "index": 0
  },
  {
    "name": "Application Start",
    "start": 1612618626624,
    "end": 1612618627333,
    "duration": 709,
    "pid": 25400,
    "index": 1
  },
  {
    "name": "Load Plugin",
    "start": 1612618626629,
    "end": 1612618626645,
    "duration": 16,
    "pid": 25400,
    "index": 2
  },
  {
    "name": "Load Config",
    "start": 1612618626645,
    "end": 1612618626664,
    "duration": 19,
    "pid": 25400,
    "index": 3
  },
  {
    "name": "Require(0) config/config.default.js",
    "start": 1612618626646,
    "end": 1612618626646,
    "duration": 0,
    "pid": 25400,
    "index": 4
  },
  {
    "name": "Require(1) config/config.local.js",
    "start": 1612618626647,
    "end": 1612618626648,
    "duration": 1,
    "pid": 25400,
    "index": 5
  },
  {
    "name": "Require(2) node_modules/egg-session/config/config.default.js",
    "start": 1612618626648,
    "end": 1612618626648,
    "duration": 0,
    "pid": 25400,
    "index": 6
  },
  {
    "name": "Require(3) node_modules/egg-security/config/config.default.js",
    "start": 1612618626649,
    "end": 1612618626649,
    "duration": 0,
    "pid": 25400,
    "index": 7
  },
  {
    "name": "Require(4) node_modules/egg-jsonp/config/config.default.js",
    "start": 1612618626650,
    "end": 1612618626650,
    "duration": 0,
    "pid": 25400,
    "index": 8
  },
  {
    "name": "Require(5) node_modules/egg-onerror/config/config.default.js",
    "start": 1612618626650,
    "end": 1612618626651,
    "duration": 1,
    "pid": 25400,
    "index": 9
  },
  {
    "name": "Require(6) node_modules/egg-i18n/config/config.default.js",
    "start": 1612618626651,
    "end": 1612618626651,
    "duration": 0,
    "pid": 25400,
    "index": 10
  },
  {
    "name": "Require(7) node_modules/egg-watcher/config/config.default.js",
    "start": 1612618626652,
    "end": 1612618626652,
    "duration": 0,
    "pid": 25400,
    "index": 11
  },
  {
    "name": "Require(8) node_modules/egg-schedule/config/config.default.js",
    "start": 1612618626653,
    "end": 1612618626653,
    "duration": 0,
    "pid": 25400,
    "index": 12
  },
  {
    "name": "Require(9) node_modules/egg-multipart/config/config.default.js",
    "start": 1612618626653,
    "end": 1612618626654,
    "duration": 1,
    "pid": 25400,
    "index": 13
  },
  {
    "name": "Require(10) node_modules/egg-development/config/config.default.js",
    "start": 1612618626654,
    "end": 1612618626654,
    "duration": 0,
    "pid": 25400,
    "index": 14
  },
  {
    "name": "Require(11) node_modules/egg-logrotator/config/config.default.js",
    "start": 1612618626655,
    "end": 1612618626655,
    "duration": 0,
    "pid": 25400,
    "index": 15
  },
  {
    "name": "Require(12) node_modules/egg-static/config/config.default.js",
    "start": 1612618626655,
    "end": 1612618626656,
    "duration": 1,
    "pid": 25400,
    "index": 16
  },
  {
    "name": "Require(13) node_modules/egg-view/config/config.default.js",
    "start": 1612618626656,
    "end": 1612618626656,
    "duration": 0,
    "pid": 25400,
    "index": 17
  },
  {
    "name": "Require(14) node_modules/egg-mongoose/config/config.default.js",
    "start": 1612618626657,
    "end": 1612618626657,
    "duration": 0,
    "pid": 25400,
    "index": 18
  },
  {
    "name": "Require(15) node_modules/egg-validate/config/config.default.js",
    "start": 1612618626657,
    "end": 1612618626658,
    "duration": 1,
    "pid": 25400,
    "index": 19
  },
  {
    "name": "Require(16) node_modules/egg-cors/config/config.default.js",
    "start": 1612618626658,
    "end": 1612618626658,
    "duration": 0,
    "pid": 25400,
    "index": 20
  },
  {
    "name": "Require(17) node_modules/egg/config/config.default.js",
    "start": 1612618626659,
    "end": 1612618626659,
    "duration": 0,
    "pid": 25400,
    "index": 21
  },
  {
    "name": "Require(18) config/config.default.js",
    "start": 1612618626660,
    "end": 1612618626660,
    "duration": 0,
    "pid": 25400,
    "index": 22
  },
  {
    "name": "Require(19) node_modules/egg-security/config/config.local.js",
    "start": 1612618626661,
    "end": 1612618626661,
    "duration": 0,
    "pid": 25400,
    "index": 23
  },
  {
    "name": "Require(20) node_modules/egg-watcher/config/config.local.js",
    "start": 1612618626661,
    "end": 1612618626662,
    "duration": 1,
    "pid": 25400,
    "index": 24
  },
  {
    "name": "Require(21) node_modules/egg-view/config/config.local.js",
    "start": 1612618626663,
    "end": 1612618626663,
    "duration": 0,
    "pid": 25400,
    "index": 25
  },
  {
    "name": "Require(22) node_modules/egg/config/config.local.js",
    "start": 1612618626663,
    "end": 1612618626664,
    "duration": 1,
    "pid": 25400,
    "index": 26
  },
  {
    "name": "Require(23) config/config.local.js",
    "start": 1612618626664,
    "end": 1612618626664,
    "duration": 0,
    "pid": 25400,
    "index": 27
  },
  {
    "name": "Load extend/application.js",
    "start": 1612618626665,
    "end": 1612618626721,
    "duration": 56,
    "pid": 25400,
    "index": 28
  },
  {
    "name": "Require(24) node_modules/egg-session/app/extend/application.js",
    "start": 1612618626665,
    "end": 1612618626665,
    "duration": 0,
    "pid": 25400,
    "index": 29
  },
  {
    "name": "Require(25) node_modules/egg-security/app/extend/application.js",
    "start": 1612618626666,
    "end": 1612618626667,
    "duration": 1,
    "pid": 25400,
    "index": 30
  },
  {
    "name": "Require(26) node_modules/egg-jsonp/app/extend/application.js",
    "start": 1612618626667,
    "end": 1612618626668,
    "duration": 1,
    "pid": 25400,
    "index": 31
  },
  {
    "name": "Require(27) node_modules/egg-logrotator/app/extend/application.js",
    "start": 1612618626669,
    "end": 1612618626674,
    "duration": 5,
    "pid": 25400,
    "index": 32
  },
  {
    "name": "Require(28) node_modules/egg-view/app/extend/application.js",
    "start": 1612618626675,
    "end": 1612618626676,
    "duration": 1,
    "pid": 25400,
    "index": 33
  },
  {
    "name": "Require(29) app/extend/application.js",
    "start": 1612618626677,
    "end": 1612618626718,
    "duration": 41,
    "pid": 25400,
    "index": 34
  },
  {
    "name": "Load extend/request.js",
    "start": 1612618626721,
    "end": 1612618626727,
    "duration": 6,
    "pid": 25400,
    "index": 35
  },
  {
    "name": "Require(30) node_modules/egg/app/extend/request.js",
    "start": 1612618626724,
    "end": 1612618626724,
    "duration": 0,
    "pid": 25400,
    "index": 36
  },
  {
    "name": "Load extend/response.js",
    "start": 1612618626727,
    "end": 1612618626734,
    "duration": 7,
    "pid": 25400,
    "index": 37
  },
  {
    "name": "Require(31) node_modules/egg/app/extend/response.js",
    "start": 1612618626729,
    "end": 1612618626731,
    "duration": 2,
    "pid": 25400,
    "index": 38
  },
  {
    "name": "Load extend/context.js",
    "start": 1612618626734,
    "end": 1612618626786,
    "duration": 52,
    "pid": 25400,
    "index": 39
  },
  {
    "name": "Require(32) node_modules/egg-security/app/extend/context.js",
    "start": 1612618626734,
    "end": 1612618626746,
    "duration": 12,
    "pid": 25400,
    "index": 40
  },
  {
    "name": "Require(33) node_modules/egg-jsonp/app/extend/context.js",
    "start": 1612618626746,
    "end": 1612618626747,
    "duration": 1,
    "pid": 25400,
    "index": 41
  },
  {
    "name": "Require(34) node_modules/egg-i18n/app/extend/context.js",
    "start": 1612618626748,
    "end": 1612618626748,
    "duration": 0,
    "pid": 25400,
    "index": 42
  },
  {
    "name": "Require(35) node_modules/egg-multipart/app/extend/context.js",
    "start": 1612618626748,
    "end": 1612618626780,
    "duration": 32,
    "pid": 25400,
    "index": 43
  },
  {
    "name": "Require(36) node_modules/egg-view/app/extend/context.js",
    "start": 1612618626781,
    "end": 1612618626782,
    "duration": 1,
    "pid": 25400,
    "index": 44
  },
  {
    "name": "Require(37) node_modules/egg-mongoose/app/extend/context.js",
    "start": 1612618626782,
    "end": 1612618626782,
    "duration": 0,
    "pid": 25400,
    "index": 45
  },
  {
    "name": "Require(38) node_modules/egg-validate/app/extend/context.js",
    "start": 1612618626782,
    "end": 1612618626783,
    "duration": 1,
    "pid": 25400,
    "index": 46
  },
  {
    "name": "Require(39) node_modules/egg/app/extend/context.js",
    "start": 1612618626783,
    "end": 1612618626784,
    "duration": 1,
    "pid": 25400,
    "index": 47
  },
  {
    "name": "Load extend/helper.js",
    "start": 1612618626786,
    "end": 1612618626818,
    "duration": 32,
    "pid": 25400,
    "index": 48
  },
  {
    "name": "Require(40) node_modules/egg-security/app/extend/helper.js",
    "start": 1612618626787,
    "end": 1612618626800,
    "duration": 13,
    "pid": 25400,
    "index": 49
  },
  {
    "name": "Require(41) node_modules/egg/app/extend/helper.js",
    "start": 1612618626802,
    "end": 1612618626802,
    "duration": 0,
    "pid": 25400,
    "index": 50
  },
  {
    "name": "Require(42) app/extend/helper.js",
    "start": 1612618626802,
    "end": 1612618626815,
    "duration": 13,
    "pid": 25400,
    "index": 51
  },
  {
    "name": "Load app.js",
    "start": 1612618626818,
    "end": 1612618626843,
    "duration": 25,
    "pid": 25400,
    "index": 52
  },
  {
    "name": "Require(43) node_modules/egg-session/app.js",
    "start": 1612618626818,
    "end": 1612618626818,
    "duration": 0,
    "pid": 25400,
    "index": 53
  },
  {
    "name": "Require(44) node_modules/egg-security/app.js",
    "start": 1612618626819,
    "end": 1612618626820,
    "duration": 1,
    "pid": 25400,
    "index": 54
  },
  {
    "name": "Require(45) node_modules/egg-onerror/app.js",
    "start": 1612618626820,
    "end": 1612618626826,
    "duration": 6,
    "pid": 25400,
    "index": 55
  },
  {
    "name": "Require(46) node_modules/egg-i18n/app.js",
    "start": 1612618626826,
    "end": 1612618626833,
    "duration": 7,
    "pid": 25400,
    "index": 56
  },
  {
    "name": "Require(47) node_modules/egg-watcher/app.js",
    "start": 1612618626834,
    "end": 1612618626836,
    "duration": 2,
    "pid": 25400,
    "index": 57
  },
  {
    "name": "Require(48) node_modules/egg-schedule/app.js",
    "start": 1612618626836,
    "end": 1612618626837,
    "duration": 1,
    "pid": 25400,
    "index": 58
  },
  {
    "name": "Require(49) node_modules/egg-multipart/app.js",
    "start": 1612618626838,
    "end": 1612618626838,
    "duration": 0,
    "pid": 25400,
    "index": 59
  },
  {
    "name": "Require(50) node_modules/egg-development/app.js",
    "start": 1612618626838,
    "end": 1612618626839,
    "duration": 1,
    "pid": 25400,
    "index": 60
  },
  {
    "name": "Require(51) node_modules/egg-logrotator/app.js",
    "start": 1612618626839,
    "end": 1612618626839,
    "duration": 0,
    "pid": 25400,
    "index": 61
  },
  {
    "name": "Require(52) node_modules/egg-static/app.js",
    "start": 1612618626839,
    "end": 1612618626839,
    "duration": 0,
    "pid": 25400,
    "index": 62
  },
  {
    "name": "Require(53) node_modules/egg-mongoose/app.js",
    "start": 1612618626840,
    "end": 1612618626840,
    "duration": 0,
    "pid": 25400,
    "index": 63
  },
  {
    "name": "Require(54) node_modules/egg-validate/app.js",
    "start": 1612618626840,
    "end": 1612618626841,
    "duration": 1,
    "pid": 25400,
    "index": 64
  },
  {
    "name": "Require(55) node_modules/egg-cors/app.js",
    "start": 1612618626842,
    "end": 1612618626842,
    "duration": 0,
    "pid": 25400,
    "index": 65
  },
  {
    "name": "Before Start in node_modules/egg-watcher/lib/init.js:15:14",
    "start": 1612618626851,
    "end": 1612618627333,
    "duration": 482,
    "pid": 25400,
    "index": 66
  },
  {
    "name": "Before Start in node_modules/egg-mongoose/lib/mongoose.js:104:7",
    "start": 1612618627182,
    "end": 1612618627331,
    "duration": 149,
    "pid": 25400,
    "index": 67
  },
  {
    "name": "Before Start in node_modules/egg-mongoose/lib/mongoose.js:52:9",
    "start": 1612618627182,
    "end": 1612618627318,
    "duration": 136,
    "pid": 25400,
    "index": 68
  },
  {
    "name": "Load Service",
    "start": 1612618627182,
    "end": 1612618627209,
    "duration": 27,
    "pid": 25400,
    "index": 69
  },
  {
    "name": "Load \"service\" to Context",
    "start": 1612618627182,
    "end": 1612618627209,
    "duration": 27,
    "pid": 25400,
    "index": 70
  },
  {
    "name": "Load Middleware",
    "start": 1612618627209,
    "end": 1612618627289,
    "duration": 80,
    "pid": 25400,
    "index": 71
  },
  {
    "name": "Load \"middlewares\" to Application",
    "start": 1612618627209,
    "end": 1612618627281,
    "duration": 72,
    "pid": 25400,
    "index": 72
  },
  {
    "name": "Load Controller",
    "start": 1612618627289,
    "end": 1612618627293,
    "duration": 4,
    "pid": 25400,
    "index": 73
  },
  {
    "name": "Load \"controller\" to Application",
    "start": 1612618627289,
    "end": 1612618627293,
    "duration": 4,
    "pid": 25400,
    "index": 74
  },
  {
    "name": "Load Router",
    "start": 1612618627293,
    "end": 1612618627295,
    "duration": 2,
    "pid": 25400,
    "index": 75
  },
  {
    "name": "Require(56) app/router.js",
    "start": 1612618627293,
    "end": 1612618627293,
    "duration": 0,
    "pid": 25400,
    "index": 76
  },
  {
    "name": "Before Start in node_modules/egg-core/lib/egg.js:303:10",
    "start": 1612618627293,
    "end": 1612618627318,
    "duration": 25,
    "pid": 25400,
    "index": 77
  },
  {
    "name": "Load \"model\" to Application",
    "start": 1612618627302,
    "end": 1612618627317,
    "duration": 15,
    "pid": 25400,
    "index": 78
  }
]