[
  {
    "name": "Process Start",
    "start": 1612619756087,
    "end": 1612619756843,
    "duration": 756,
    "pid": 19488,
    "index": 0
  },
  {
    "name": "Application Start",
    "start": 1612619756844,
    "end": 1612619757546,
    "duration": 702,
    "pid": 19488,
    "index": 1
  },
  {
    "name": "Load Plugin",
    "start": 1612619756848,
    "end": 1612619756864,
    "duration": 16,
    "pid": 19488,
    "index": 2
  },
  {
    "name": "Load Config",
    "start": 1612619756864,
    "end": 1612619756883,
    "duration": 19,
    "pid": 19488,
    "index": 3
  },
  {
    "name": "Require(0) config/config.default.js",
    "start": 1612619756865,
    "end": 1612619756865,
    "duration": 0,
    "pid": 19488,
    "index": 4
  },
  {
    "name": "Require(1) config/config.local.js",
    "start": 1612619756866,
    "end": 1612619756866,
    "duration": 0,
    "pid": 19488,
    "index": 5
  },
  {
    "name": "Require(2) node_modules/egg-session/config/config.default.js",
    "start": 1612619756867,
    "end": 1612619756867,
    "duration": 0,
    "pid": 19488,
    "index": 6
  },
  {
    "name": "Require(3) node_modules/egg-security/config/config.default.js",
    "start": 1612619756867,
    "end": 1612619756868,
    "duration": 1,
    "pid": 19488,
    "index": 7
  },
  {
    "name": "Require(4) node_modules/egg-jsonp/config/config.default.js",
    "start": 1612619756868,
    "end": 1612619756869,
    "duration": 1,
    "pid": 19488,
    "index": 8
  },
  {
    "name": "Require(5) node_modules/egg-onerror/config/config.default.js",
    "start": 1612619756869,
    "end": 1612619756870,
    "duration": 1,
    "pid": 19488,
    "index": 9
  },
  {
    "name": "Require(6) node_modules/egg-i18n/config/config.default.js",
    "start": 1612619756870,
    "end": 1612619756870,
    "duration": 0,
    "pid": 19488,
    "index": 10
  },
  {
    "name": "Require(7) node_modules/egg-watcher/config/config.default.js",
    "start": 1612619756871,
    "end": 1612619756871,
    "duration": 0,
    "pid": 19488,
    "index": 11
  },
  {
    "name": "Require(8) node_modules/egg-schedule/config/config.default.js",
    "start": 1612619756872,
    "end": 1612619756872,
    "duration": 0,
    "pid": 19488,
    "index": 12
  },
  {
    "name": "Require(9) node_modules/egg-multipart/config/config.default.js",
    "start": 1612619756873,
    "end": 1612619756873,
    "duration": 0,
    "pid": 19488,
    "index": 13
  },
  {
    "name": "Require(10) node_modules/egg-development/config/config.default.js",
    "start": 1612619756873,
    "end": 1612619756874,
    "duration": 1,
    "pid": 19488,
    "index": 14
  },
  {
    "name": "Require(11) node_modules/egg-logrotator/config/config.default.js",
    "start": 1612619756874,
    "end": 1612619756875,
    "duration": 1,
    "pid": 19488,
    "index": 15
  },
  {
    "name": "Require(12) node_modules/egg-static/config/config.default.js",
    "start": 1612619756875,
    "end": 1612619756875,
    "duration": 0,
    "pid": 19488,
    "index": 16
  },
  {
    "name": "Require(13) node_modules/egg-view/config/config.default.js",
    "start": 1612619756876,
    "end": 1612619756876,
    "duration": 0,
    "pid": 19488,
    "index": 17
  },
  {
    "name": "Require(14) node_modules/egg-mongoose/config/config.default.js",
    "start": 1612619756876,
    "end": 1612619756877,
    "duration": 1,
    "pid": 19488,
    "index": 18
  },
  {
    "name": "Require(15) node_modules/egg-validate/config/config.default.js",
    "start": 1612619756877,
    "end": 1612619756877,
    "duration": 0,
    "pid": 19488,
    "index": 19
  },
  {
    "name": "Require(16) node_modules/egg-cors/config/config.default.js",
    "start": 1612619756878,
    "end": 1612619756878,
    "duration": 0,
    "pid": 19488,
    "index": 20
  },
  {
    "name": "Require(17) node_modules/egg/config/config.default.js",
    "start": 1612619756878,
    "end": 1612619756879,
    "duration": 1,
    "pid": 19488,
    "index": 21
  },
  {
    "name": "Require(18) config/config.default.js",
    "start": 1612619756880,
    "end": 1612619756880,
    "duration": 0,
    "pid": 19488,
    "index": 22
  },
  {
    "name": "Require(19) node_modules/egg-security/config/config.local.js",
    "start": 1612619756880,
    "end": 1612619756880,
    "duration": 0,
    "pid": 19488,
    "index": 23
  },
  {
    "name": "Require(20) node_modules/egg-watcher/config/config.local.js",
    "start": 1612619756881,
    "end": 1612619756881,
    "duration": 0,
    "pid": 19488,
    "index": 24
  },
  {
    "name": "Require(21) node_modules/egg-view/config/config.local.js",
    "start": 1612619756882,
    "end": 1612619756882,
    "duration": 0,
    "pid": 19488,
    "index": 25
  },
  {
    "name": "Require(22) node_modules/egg/config/config.local.js",
    "start": 1612619756883,
    "end": 1612619756883,
    "duration": 0,
    "pid": 19488,
    "index": 26
  },
  {
    "name": "Require(23) config/config.local.js",
    "start": 1612619756883,
    "end": 1612619756883,
    "duration": 0,
    "pid": 19488,
    "index": 27
  },
  {
    "name": "Load extend/application.js",
    "start": 1612619756884,
    "end": 1612619756941,
    "duration": 57,
    "pid": 19488,
    "index": 28
  },
  {
    "name": "Require(24) node_modules/egg-session/app/extend/application.js",
    "start": 1612619756885,
    "end": 1612619756885,
    "duration": 0,
    "pid": 19488,
    "index": 29
  },
  {
    "name": "Require(25) node_modules/egg-security/app/extend/application.js",
    "start": 1612619756886,
    "end": 1612619756887,
    "duration": 1,
    "pid": 19488,
    "index": 30
  },
  {
    "name": "Require(26) node_modules/egg-jsonp/app/extend/application.js",
    "start": 1612619756887,
    "end": 1612619756888,
    "duration": 1,
    "pid": 19488,
    "index": 31
  },
  {
    "name": "Require(27) node_modules/egg-logrotator/app/extend/application.js",
    "start": 1612619756889,
    "end": 1612619756895,
    "duration": 6,
    "pid": 19488,
    "index": 32
  },
  {
    "name": "Require(28) node_modules/egg-view/app/extend/application.js",
    "start": 1612619756895,
    "end": 1612619756896,
    "duration": 1,
    "pid": 19488,
    "index": 33
  },
  {
    "name": "Require(29) app/extend/application.js",
    "start": 1612619756897,
    "end": 1612619756939,
    "duration": 42,
    "pid": 19488,
    "index": 34
  },
  {
    "name": "Load extend/request.js",
    "start": 1612619756941,
    "end": 1612619756947,
    "duration": 6,
    "pid": 19488,
    "index": 35
  },
  {
    "name": "Require(30) node_modules/egg/app/extend/request.js",
    "start": 1612619756944,
    "end": 1612619756945,
    "duration": 1,
    "pid": 19488,
    "index": 36
  },
  {
    "name": "Load extend/response.js",
    "start": 1612619756947,
    "end": 1612619756955,
    "duration": 8,
    "pid": 19488,
    "index": 37
  },
  {
    "name": "Require(31) node_modules/egg/app/extend/response.js",
    "start": 1612619756950,
    "end": 1612619756952,
    "duration": 2,
    "pid": 19488,
    "index": 38
  },
  {
    "name": "Load extend/context.js",
    "start": 1612619756955,
    "end": 1612619757008,
    "duration": 53,
    "pid": 19488,
    "index": 39
  },
  {
    "name": "Require(32) node_modules/egg-security/app/extend/context.js",
    "start": 1612619756955,
    "end": 1612619756967,
    "duration": 12,
    "pid": 19488,
    "index": 40
  },
  {
    "name": "Require(33) node_modules/egg-jsonp/app/extend/context.js",
    "start": 1612619756967,
    "end": 1612619756968,
    "duration": 1,
    "pid": 19488,
    "index": 41
  },
  {
    "name": "Require(34) node_modules/egg-i18n/app/extend/context.js",
    "start": 1612619756968,
    "end": 1612619756969,
    "duration": 1,
    "pid": 19488,
    "index": 42
  },
  {
    "name": "Require(35) node_modules/egg-multipart/app/extend/context.js",
    "start": 1612619756969,
    "end": 1612619757002,
    "duration": 33,
    "pid": 19488,
    "index": 43
  },
  {
    "name": "Require(36) node_modules/egg-view/app/extend/context.js",
    "start": 1612619757003,
    "end": 1612619757003,
    "duration": 0,
    "pid": 19488,
    "index": 44
  },
  {
    "name": "Require(37) node_modules/egg-mongoose/app/extend/context.js",
    "start": 1612619757004,
    "end": 1612619757004,
    "duration": 0,
    "pid": 19488,
    "index": 45
  },
  {
    "name": "Require(38) node_modules/egg-validate/app/extend/context.js",
    "start": 1612619757004,
    "end": 1612619757004,
    "duration": 0,
    "pid": 19488,
    "index": 46
  },
  {
    "name": "Require(39) node_modules/egg/app/extend/context.js",
    "start": 1612619757005,
    "end": 1612619757006,
    "duration": 1,
    "pid": 19488,
    "index": 47
  },
  {
    "name": "Load extend/helper.js",
    "start": 1612619757008,
    "end": 1612619757040,
    "duration": 32,
    "pid": 19488,
    "index": 48
  },
  {
    "name": "Require(40) node_modules/egg-security/app/extend/helper.js",
    "start": 1612619757008,
    "end": 1612619757023,
    "duration": 15,
    "pid": 19488,
    "index": 49
  },
  {
    "name": "Require(41) node_modules/egg/app/extend/helper.js",
    "start": 1612619757025,
    "end": 1612619757025,
    "duration": 0,
    "pid": 19488,
    "index": 50
  },
  {
    "name": "Require(42) app/extend/helper.js",
    "start": 1612619757025,
    "end": 1612619757037,
    "duration": 12,
    "pid": 19488,
    "index": 51
  },
  {
    "name": "Load app.js",
    "start": 1612619757040,
    "end": 1612619757064,
    "duration": 24,
    "pid": 19488,
    "index": 52
  },
  {
    "name": "Require(43) node_modules/egg-session/app.js",
    "start": 1612619757040,
    "end": 1612619757041,
    "duration": 1,
    "pid": 19488,
    "index": 53
  },
  {
    "name": "Require(44) node_modules/egg-security/app.js",
    "start": 1612619757041,
    "end": 1612619757042,
    "duration": 1,
    "pid": 19488,
    "index": 54
  },
  {
    "name": "Require(45) node_modules/egg-onerror/app.js",
    "start": 1612619757042,
    "end": 1612619757047,
    "duration": 5,
    "pid": 19488,
    "index": 55
  },
  {
    "name": "Require(46) node_modules/egg-i18n/app.js",
    "start": 1612619757048,
    "end": 1612619757055,
    "duration": 7,
    "pid": 19488,
    "index": 56
  },
  {
    "name": "Require(47) node_modules/egg-watcher/app.js",
    "start": 1612619757055,
    "end": 1612619757058,
    "duration": 3,
    "pid": 19488,
    "index": 57
  },
  {
    "name": "Require(48) node_modules/egg-schedule/app.js",
    "start": 1612619757058,
    "end": 1612619757059,
    "duration": 1,
    "pid": 19488,
    "index": 58
  },
  {
    "name": "Require(49) node_modules/egg-multipart/app.js",
    "start": 1612619757059,
    "end": 1612619757059,
    "duration": 0,
    "pid": 19488,
    "index": 59
  },
  {
    "name": "Require(50) node_modules/egg-development/app.js",
    "start": 1612619757060,
    "end": 1612619757060,
    "duration": 0,
    "pid": 19488,
    "index": 60
  },
  {
    "name": "Require(51) node_modules/egg-logrotator/app.js",
    "start": 1612619757060,
    "end": 1612619757060,
    "duration": 0,
    "pid": 19488,
    "index": 61
  },
  {
    "name": "Require(52) node_modules/egg-static/app.js",
    "start": 1612619757061,
    "end": 1612619757061,
    "duration": 0,
    "pid": 19488,
    "index": 62
  },
  {
    "name": "Require(53) node_modules/egg-mongoose/app.js",
    "start": 1612619757061,
    "end": 1612619757061,
    "duration": 0,
    "pid": 19488,
    "index": 63
  },
  {
    "name": "Require(54) node_modules/egg-validate/app.js",
    "start": 1612619757062,
    "end": 1612619757063,
    "duration": 1,
    "pid": 19488,
    "index": 64
  },
  {
    "name": "Require(55) node_modules/egg-cors/app.js",
    "start": 1612619757063,
    "end": 1612619757063,
    "duration": 0,
    "pid": 19488,
    "index": 65
  },
  {
    "name": "Before Start in node_modules/egg-watcher/lib/init.js:15:14",
    "start": 1612619757072,
    "end": 1612619757545,
    "duration": 473,
    "pid": 19488,
    "index": 66
  },
  {
    "name": "Before Start in node_modules/egg-mongoose/lib/mongoose.js:104:7",
    "start": 1612619757398,
    "end": 1612619757544,
    "duration": 146,
    "pid": 19488,
    "index": 67
  },
  {
    "name": "Before Start in node_modules/egg-mongoose/lib/mongoose.js:52:9",
    "start": 1612619757398,
    "end": 1612619757531,
    "duration": 133,
    "pid": 19488,
    "index": 68
  },
  {
    "name": "Load Service",
    "start": 1612619757398,
    "end": 1612619757425,
    "duration": 27,
    "pid": 19488,
    "index": 69
  },
  {
    "name": "Load \"service\" to Context",
    "start": 1612619757399,
    "end": 1612619757425,
    "duration": 26,
    "pid": 19488,
    "index": 70
  },
  {
    "name": "Load Middleware",
    "start": 1612619757425,
    "end": 1612619757502,
    "duration": 77,
    "pid": 19488,
    "index": 71
  },
  {
    "name": "Load \"middlewares\" to Application",
    "start": 1612619757426,
    "end": 1612619757494,
    "duration": 68,
    "pid": 19488,
    "index": 72
  },
  {
    "name": "Load Controller",
    "start": 1612619757502,
    "end": 1612619757505,
    "duration": 3,
    "pid": 19488,
    "index": 73
  },
  {
    "name": "Load \"controller\" to Application",
    "start": 1612619757502,
    "end": 1612619757505,
    "duration": 3,
    "pid": 19488,
    "index": 74
  },
  {
    "name": "Load Router",
    "start": 1612619757505,
    "end": 1612619757508,
    "duration": 3,
    "pid": 19488,
    "index": 75
  },
  {
    "name": "Require(56) app/router.js",
    "start": 1612619757506,
    "end": 1612619757506,
    "duration": 0,
    "pid": 19488,
    "index": 76
  },
  {
    "name": "Before Start in node_modules/egg-core/lib/egg.js:303:10",
    "start": 1612619757506,
    "end": 1612619757531,
    "duration": 25,
    "pid": 19488,
    "index": 77
  },
  {
    "name": "Load \"model\" to Application",
    "start": 1612619757515,
    "end": 1612619757530,
    "duration": 15,
    "pid": 19488,
    "index": 78
  }
]