[
  {
    "name": "Process Start",
    "start": 1612619816173,
    "end": 1612619816943,
    "duration": 770,
    "pid": 19760,
    "index": 0
  },
  {
    "name": "Application Start",
    "start": 1612619816944,
    "end": 1612619817656,
    "duration": 712,
    "pid": 19760,
    "index": 1
  },
  {
    "name": "Load Plugin",
    "start": 1612619816948,
    "end": 1612619816965,
    "duration": 17,
    "pid": 19760,
    "index": 2
  },
  {
    "name": "Load Config",
    "start": 1612619816965,
    "end": 1612619816988,
    "duration": 23,
    "pid": 19760,
    "index": 3
  },
  {
    "name": "Require(0) config/config.default.js",
    "start": 1612619816966,
    "end": 1612619816966,
    "duration": 0,
    "pid": 19760,
    "index": 4
  },
  {
    "name": "Require(1) config/config.local.js",
    "start": 1612619816967,
    "end": 1612619816967,
    "duration": 0,
    "pid": 19760,
    "index": 5
  },
  {
    "name": "Require(2) node_modules/egg-session/config/config.default.js",
    "start": 1612619816968,
    "end": 1612619816968,
    "duration": 0,
    "pid": 19760,
    "index": 6
  },
  {
    "name": "Require(3) node_modules/egg-security/config/config.default.js",
    "start": 1612619816969,
    "end": 1612619816969,
    "duration": 0,
    "pid": 19760,
    "index": 7
  },
  {
    "name": "Require(4) node_modules/egg-jsonp/config/config.default.js",
    "start": 1612619816970,
    "end": 1612619816970,
    "duration": 0,
    "pid": 19760,
    "index": 8
  },
  {
    "name": "Require(5) node_modules/egg-onerror/config/config.default.js",
    "start": 1612619816970,
    "end": 1612619816971,
    "duration": 1,
    "pid": 19760,
    "index": 9
  },
  {
    "name": "Require(6) node_modules/egg-i18n/config/config.default.js",
    "start": 1612619816971,
    "end": 1612619816972,
    "duration": 1,
    "pid": 19760,
    "index": 10
  },
  {
    "name": "Require(7) node_modules/egg-watcher/config/config.default.js",
    "start": 1612619816973,
    "end": 1612619816973,
    "duration": 0,
    "pid": 19760,
    "index": 11
  },
  {
    "name": "Require(8) node_modules/egg-schedule/config/config.default.js",
    "start": 1612619816973,
    "end": 1612619816974,
    "duration": 1,
    "pid": 19760,
    "index": 12
  },
  {
    "name": "Require(9) node_modules/egg-multipart/config/config.default.js",
    "start": 1612619816974,
    "end": 1612619816974,
    "duration": 0,
    "pid": 19760,
    "index": 13
  },
  {
    "name": "Require(10) node_modules/egg-development/config/config.default.js",
    "start": 1612619816975,
    "end": 1612619816975,
    "duration": 0,
    "pid": 19760,
    "index": 14
  },
  {
    "name": "Require(11) node_modules/egg-logrotator/config/config.default.js",
    "start": 1612619816976,
    "end": 1612619816976,
    "duration": 0,
    "pid": 19760,
    "index": 15
  },
  {
    "name": "Require(12) node_modules/egg-static/config/config.default.js",
    "start": 1612619816977,
    "end": 1612619816977,
    "duration": 0,
    "pid": 19760,
    "index": 16
  },
  {
    "name": "Require(13) node_modules/egg-view/config/config.default.js",
    "start": 1612619816978,
    "end": 1612619816978,
    "duration": 0,
    "pid": 19760,
    "index": 17
  },
  {
    "name": "Require(14) node_modules/egg-mongoose/config/config.default.js",
    "start": 1612619816979,
    "end": 1612619816979,
    "duration": 0,
    "pid": 19760,
    "index": 18
  },
  {
    "name": "Require(15) node_modules/egg-validate/config/config.default.js",
    "start": 1612619816980,
    "end": 1612619816980,
    "duration": 0,
    "pid": 19760,
    "index": 19
  },
  {
    "name": "Require(16) node_modules/egg-cors/config/config.default.js",
    "start": 1612619816980,
    "end": 1612619816981,
    "duration": 1,
    "pid": 19760,
    "index": 20
  },
  {
    "name": "Require(17) node_modules/egg/config/config.default.js",
    "start": 1612619816981,
    "end": 1612619816982,
    "duration": 1,
    "pid": 19760,
    "index": 21
  },
  {
    "name": "Require(18) config/config.default.js",
    "start": 1612619816984,
    "end": 1612619816984,
    "duration": 0,
    "pid": 19760,
    "index": 22
  },
  {
    "name": "Require(19) node_modules/egg-security/config/config.local.js",
    "start": 1612619816985,
    "end": 1612619816985,
    "duration": 0,
    "pid": 19760,
    "index": 23
  },
  {
    "name": "Require(20) node_modules/egg-watcher/config/config.local.js",
    "start": 1612619816986,
    "end": 1612619816986,
    "duration": 0,
    "pid": 19760,
    "index": 24
  },
  {
    "name": "Require(21) node_modules/egg-view/config/config.local.js",
    "start": 1612619816987,
    "end": 1612619816987,
    "duration": 0,
    "pid": 19760,
    "index": 25
  },
  {
    "name": "Require(22) node_modules/egg/config/config.local.js",
    "start": 1612619816988,
    "end": 1612619816988,
    "duration": 0,
    "pid": 19760,
    "index": 26
  },
  {
    "name": "Require(23) config/config.local.js",
    "start": 1612619816988,
    "end": 1612619816988,
    "duration": 0,
    "pid": 19760,
    "index": 27
  },
  {
    "name": "Load extend/application.js",
    "start": 1612619816989,
    "end": 1612619817046,
    "duration": 57,
    "pid": 19760,
    "index": 28
  },
  {
    "name": "Require(24) node_modules/egg-session/app/extend/application.js",
    "start": 1612619816989,
    "end": 1612619816990,
    "duration": 1,
    "pid": 19760,
    "index": 29
  },
  {
    "name": "Require(25) node_modules/egg-security/app/extend/application.js",
    "start": 1612619816990,
    "end": 1612619816991,
    "duration": 1,
    "pid": 19760,
    "index": 30
  },
  {
    "name": "Require(26) node_modules/egg-jsonp/app/extend/application.js",
    "start": 1612619816991,
    "end": 1612619816992,
    "duration": 1,
    "pid": 19760,
    "index": 31
  },
  {
    "name": "Require(27) node_modules/egg-logrotator/app/extend/application.js",
    "start": 1612619816993,
    "end": 1612619816998,
    "duration": 5,
    "pid": 19760,
    "index": 32
  },
  {
    "name": "Require(28) node_modules/egg-view/app/extend/application.js",
    "start": 1612619816999,
    "end": 1612619817000,
    "duration": 1,
    "pid": 19760,
    "index": 33
  },
  {
    "name": "Require(29) app/extend/application.js",
    "start": 1612619817001,
    "end": 1612619817044,
    "duration": 43,
    "pid": 19760,
    "index": 34
  },
  {
    "name": "Load extend/request.js",
    "start": 1612619817046,
    "end": 1612619817053,
    "duration": 7,
    "pid": 19760,
    "index": 35
  },
  {
    "name": "Require(30) node_modules/egg/app/extend/request.js",
    "start": 1612619817049,
    "end": 1612619817050,
    "duration": 1,
    "pid": 19760,
    "index": 36
  },
  {
    "name": "Load extend/response.js",
    "start": 1612619817053,
    "end": 1612619817059,
    "duration": 6,
    "pid": 19760,
    "index": 37
  },
  {
    "name": "Require(31) node_modules/egg/app/extend/response.js",
    "start": 1612619817055,
    "end": 1612619817056,
    "duration": 1,
    "pid": 19760,
    "index": 38
  },
  {
    "name": "Load extend/context.js",
    "start": 1612619817059,
    "end": 1612619817110,
    "duration": 51,
    "pid": 19760,
    "index": 39
  },
  {
    "name": "Require(32) node_modules/egg-security/app/extend/context.js",
    "start": 1612619817059,
    "end": 1612619817070,
    "duration": 11,
    "pid": 19760,
    "index": 40
  },
  {
    "name": "Require(33) node_modules/egg-jsonp/app/extend/context.js",
    "start": 1612619817071,
    "end": 1612619817072,
    "duration": 1,
    "pid": 19760,
    "index": 41
  },
  {
    "name": "Require(34) node_modules/egg-i18n/app/extend/context.js",
    "start": 1612619817072,
    "end": 1612619817072,
    "duration": 0,
    "pid": 19760,
    "index": 42
  },
  {
    "name": "Require(35) node_modules/egg-multipart/app/extend/context.js",
    "start": 1612619817073,
    "end": 1612619817104,
    "duration": 31,
    "pid": 19760,
    "index": 43
  },
  {
    "name": "Require(36) node_modules/egg-view/app/extend/context.js",
    "start": 1612619817104,
    "end": 1612619817105,
    "duration": 1,
    "pid": 19760,
    "index": 44
  },
  {
    "name": "Require(37) node_modules/egg-mongoose/app/extend/context.js",
    "start": 1612619817105,
    "end": 1612619817105,
    "duration": 0,
    "pid": 19760,
    "index": 45
  },
  {
    "name": "Require(38) node_modules/egg-validate/app/extend/context.js",
    "start": 1612619817106,
    "end": 1612619817106,
    "duration": 0,
    "pid": 19760,
    "index": 46
  },
  {
    "name": "Require(39) node_modules/egg/app/extend/context.js",
    "start": 1612619817106,
    "end": 1612619817107,
    "duration": 1,
    "pid": 19760,
    "index": 47
  },
  {
    "name": "Load extend/helper.js",
    "start": 1612619817110,
    "end": 1612619817140,
    "duration": 30,
    "pid": 19760,
    "index": 48
  },
  {
    "name": "Require(40) node_modules/egg-security/app/extend/helper.js",
    "start": 1612619817110,
    "end": 1612619817122,
    "duration": 12,
    "pid": 19760,
    "index": 49
  },
  {
    "name": "Require(41) node_modules/egg/app/extend/helper.js",
    "start": 1612619817124,
    "end": 1612619817124,
    "duration": 0,
    "pid": 19760,
    "index": 50
  },
  {
    "name": "Require(42) app/extend/helper.js",
    "start": 1612619817124,
    "end": 1612619817138,
    "duration": 14,
    "pid": 19760,
    "index": 51
  },
  {
    "name": "Load app.js",
    "start": 1612619817140,
    "end": 1612619817165,
    "duration": 25,
    "pid": 19760,
    "index": 52
  },
  {
    "name": "Require(43) node_modules/egg-session/app.js",
    "start": 1612619817141,
    "end": 1612619817141,
    "duration": 0,
    "pid": 19760,
    "index": 53
  },
  {
    "name": "Require(44) node_modules/egg-security/app.js",
    "start": 1612619817141,
    "end": 1612619817142,
    "duration": 1,
    "pid": 19760,
    "index": 54
  },
  {
    "name": "Require(45) node_modules/egg-onerror/app.js",
    "start": 1612619817143,
    "end": 1612619817148,
    "duration": 5,
    "pid": 19760,
    "index": 55
  },
  {
    "name": "Require(46) node_modules/egg-i18n/app.js",
    "start": 1612619817148,
    "end": 1612619817156,
    "duration": 8,
    "pid": 19760,
    "index": 56
  },
  {
    "name": "Require(47) node_modules/egg-watcher/app.js",
    "start": 1612619817156,
    "end": 1612619817158,
    "duration": 2,
    "pid": 19760,
    "index": 57
  },
  {
    "name": "Require(48) node_modules/egg-schedule/app.js",
    "start": 1612619817159,
    "end": 1612619817160,
    "duration": 1,
    "pid": 19760,
    "index": 58
  },
  {
    "name": "Require(49) node_modules/egg-multipart/app.js",
    "start": 1612619817160,
    "end": 1612619817160,
    "duration": 0,
    "pid": 19760,
    "index": 59
  },
  {
    "name": "Require(50) node_modules/egg-development/app.js",
    "start": 1612619817161,
    "end": 1612619817161,
    "duration": 0,
    "pid": 19760,
    "index": 60
  },
  {
    "name": "Require(51) node_modules/egg-logrotator/app.js",
    "start": 1612619817161,
    "end": 1612619817161,
    "duration": 0,
    "pid": 19760,
    "index": 61
  },
  {
    "name": "Require(52) node_modules/egg-static/app.js",
    "start": 1612619817162,
    "end": 1612619817162,
    "duration": 0,
    "pid": 19760,
    "index": 62
  },
  {
    "name": "Require(53) node_modules/egg-mongoose/app.js",
    "start": 1612619817162,
    "end": 1612619817162,
    "duration": 0,
    "pid": 19760,
    "index": 63
  },
  {
    "name": "Require(54) node_modules/egg-validate/app.js",
    "start": 1612619817163,
    "end": 1612619817164,
    "duration": 1,
    "pid": 19760,
    "index": 64
  },
  {
    "name": "Require(55) node_modules/egg-cors/app.js",
    "start": 1612619817164,
    "end": 1612619817164,
    "duration": 0,
    "pid": 19760,
    "index": 65
  },
  {
    "name": "Before Start in node_modules/egg-watcher/lib/init.js:15:14",
    "start": 1612619817174,
    "end": 1612619817655,
    "duration": 481,
    "pid": 19760,
    "index": 66
  },
  {
    "name": "Before Start in node_modules/egg-mongoose/lib/mongoose.js:104:7",
    "start": 1612619817500,
    "end": 1612619817654,
    "duration": 154,
    "pid": 19760,
    "index": 67
  },
  {
    "name": "Before Start in node_modules/egg-mongoose/lib/mongoose.js:52:9",
    "start": 1612619817501,
    "end": 1612619817640,
    "duration": 139,
    "pid": 19760,
    "index": 68
  },
  {
    "name": "Load Service",
    "start": 1612619817501,
    "end": 1612619817529,
    "duration": 28,
    "pid": 19760,
    "index": 69
  },
  {
    "name": "Load \"service\" to Context",
    "start": 1612619817501,
    "end": 1612619817529,
    "duration": 28,
    "pid": 19760,
    "index": 70
  },
  {
    "name": "Load Middleware",
    "start": 1612619817529,
    "end": 1612619817608,
    "duration": 79,
    "pid": 19760,
    "index": 71
  },
  {
    "name": "Load \"middlewares\" to Application",
    "start": 1612619817529,
    "end": 1612619817599,
    "duration": 70,
    "pid": 19760,
    "index": 72
  },
  {
    "name": "Load Controller",
    "start": 1612619817608,
    "end": 1612619817611,
    "duration": 3,
    "pid": 19760,
    "index": 73
  },
  {
    "name": "Load \"controller\" to Application",
    "start": 1612619817608,
    "end": 1612619817611,
    "duration": 3,
    "pid": 19760,
    "index": 74
  },
  {
    "name": "Load Router",
    "start": 1612619817611,
    "end": 1612619817614,
    "duration": 3,
    "pid": 19760,
    "index": 75
  },
  {
    "name": "Require(56) app/router.js",
    "start": 1612619817611,
    "end": 1612619817611,
    "duration": 0,
    "pid": 19760,
    "index": 76
  },
  {
    "name": "Before Start in node_modules/egg-core/lib/egg.js:303:10",
    "start": 1612619817612,
    "end": 1612619817640,
    "duration": 28,
    "pid": 19760,
    "index": 77
  },
  {
    "name": "Load \"model\" to Application",
    "start": 1612619817621,
    "end": 1612619817639,
    "duration": 18,
    "pid": 19760,
    "index": 78
  }
]