[
  {
    "name": "Process Start",
    "start": 1612619158996,
    "end": 1612619159759,
    "duration": 763,
    "pid": 27264,
    "index": 0
  },
  {
    "name": "Application Start",
    "start": 1612619159760,
    "end": 1612619160450,
    "duration": 690,
    "pid": 27264,
    "index": 1
  },
  {
    "name": "Load Plugin",
    "start": 1612619159764,
    "end": 1612619159779,
    "duration": 15,
    "pid": 27264,
    "index": 2
  },
  {
    "name": "Load Config",
    "start": 1612619159779,
    "end": 1612619159799,
    "duration": 20,
    "pid": 27264,
    "index": 3
  },
  {
    "name": "Require(0) config/config.default.js",
    "start": 1612619159780,
    "end": 1612619159780,
    "duration": 0,
    "pid": 27264,
    "index": 4
  },
  {
    "name": "Require(1) config/config.local.js",
    "start": 1612619159781,
    "end": 1612619159782,
    "duration": 1,
    "pid": 27264,
    "index": 5
  },
  {
    "name": "Require(2) node_modules/egg-session/config/config.default.js",
    "start": 1612619159782,
    "end": 1612619159783,
    "duration": 1,
    "pid": 27264,
    "index": 6
  },
  {
    "name": "Require(3) node_modules/egg-security/config/config.default.js",
    "start": 1612619159783,
    "end": 1612619159784,
    "duration": 1,
    "pid": 27264,
    "index": 7
  },
  {
    "name": "Require(4) node_modules/egg-jsonp/config/config.default.js",
    "start": 1612619159784,
    "end": 1612619159785,
    "duration": 1,
    "pid": 27264,
    "index": 8
  },
  {
    "name": "Require(5) node_modules/egg-onerror/config/config.default.js",
    "start": 1612619159785,
    "end": 1612619159785,
    "duration": 0,
    "pid": 27264,
    "index": 9
  },
  {
    "name": "Require(6) node_modules/egg-i18n/config/config.default.js",
    "start": 1612619159786,
    "end": 1612619159786,
    "duration": 0,
    "pid": 27264,
    "index": 10
  },
  {
    "name": "Require(7) node_modules/egg-watcher/config/config.default.js",
    "start": 1612619159787,
    "end": 1612619159787,
    "duration": 0,
    "pid": 27264,
    "index": 11
  },
  {
    "name": "Require(8) node_modules/egg-schedule/config/config.default.js",
    "start": 1612619159787,
    "end": 1612619159788,
    "duration": 1,
    "pid": 27264,
    "index": 12
  },
  {
    "name": "Require(9) node_modules/egg-multipart/config/config.default.js",
    "start": 1612619159788,
    "end": 1612619159788,
    "duration": 0,
    "pid": 27264,
    "index": 13
  },
  {
    "name": "Require(10) node_modules/egg-development/config/config.default.js",
    "start": 1612619159789,
    "end": 1612619159789,
    "duration": 0,
    "pid": 27264,
    "index": 14
  },
  {
    "name": "Require(11) node_modules/egg-logrotator/config/config.default.js",
    "start": 1612619159790,
    "end": 1612619159790,
    "duration": 0,
    "pid": 27264,
    "index": 15
  },
  {
    "name": "Require(12) node_modules/egg-static/config/config.default.js",
    "start": 1612619159790,
    "end": 1612619159791,
    "duration": 1,
    "pid": 27264,
    "index": 16
  },
  {
    "name": "Require(13) node_modules/egg-view/config/config.default.js",
    "start": 1612619159791,
    "end": 1612619159791,
    "duration": 0,
    "pid": 27264,
    "index": 17
  },
  {
    "name": "Require(14) node_modules/egg-mongoose/config/config.default.js",
    "start": 1612619159792,
    "end": 1612619159792,
    "duration": 0,
    "pid": 27264,
    "index": 18
  },
  {
    "name": "Require(15) node_modules/egg-validate/config/config.default.js",
    "start": 1612619159792,
    "end": 1612619159793,
    "duration": 1,
    "pid": 27264,
    "index": 19
  },
  {
    "name": "Require(16) node_modules/egg-cors/config/config.default.js",
    "start": 1612619159793,
    "end": 1612619159793,
    "duration": 0,
    "pid": 27264,
    "index": 20
  },
  {
    "name": "Require(17) node_modules/egg/config/config.default.js",
    "start": 1612619159794,
    "end": 1612619159794,
    "duration": 0,
    "pid": 27264,
    "index": 21
  },
  {
    "name": "Require(18) config/config.default.js",
    "start": 1612619159795,
    "end": 1612619159795,
    "duration": 0,
    "pid": 27264,
    "index": 22
  },
  {
    "name": "Require(19) node_modules/egg-security/config/config.local.js",
    "start": 1612619159795,
    "end": 1612619159796,
    "duration": 1,
    "pid": 27264,
    "index": 23
  },
  {
    "name": "Require(20) node_modules/egg-watcher/config/config.local.js",
    "start": 1612619159796,
    "end": 1612619159797,
    "duration": 1,
    "pid": 27264,
    "index": 24
  },
  {
    "name": "Require(21) node_modules/egg-view/config/config.local.js",
    "start": 1612619159798,
    "end": 1612619159798,
    "duration": 0,
    "pid": 27264,
    "index": 25
  },
  {
    "name": "Require(22) node_modules/egg/config/config.local.js",
    "start": 1612619159799,
    "end": 1612619159799,
    "duration": 0,
    "pid": 27264,
    "index": 26
  },
  {
    "name": "Require(23) config/config.local.js",
    "start": 1612619159799,
    "end": 1612619159799,
    "duration": 0,
    "pid": 27264,
    "index": 27
  },
  {
    "name": "Load extend/application.js",
    "start": 1612619159800,
    "end": 1612619159854,
    "duration": 54,
    "pid": 27264,
    "index": 28
  },
  {
    "name": "Require(24) node_modules/egg-session/app/extend/application.js",
    "start": 1612619159800,
    "end": 1612619159801,
    "duration": 1,
    "pid": 27264,
    "index": 29
  },
  {
    "name": "Require(25) node_modules/egg-security/app/extend/application.js",
    "start": 1612619159801,
    "end": 1612619159802,
    "duration": 1,
    "pid": 27264,
    "index": 30
  },
  {
    "name": "Require(26) node_modules/egg-jsonp/app/extend/application.js",
    "start": 1612619159802,
    "end": 1612619159803,
    "duration": 1,
    "pid": 27264,
    "index": 31
  },
  {
    "name": "Require(27) node_modules/egg-logrotator/app/extend/application.js",
    "start": 1612619159804,
    "end": 1612619159809,
    "duration": 5,
    "pid": 27264,
    "index": 32
  },
  {
    "name": "Require(28) node_modules/egg-view/app/extend/application.js",
    "start": 1612619159810,
    "end": 1612619159811,
    "duration": 1,
    "pid": 27264,
    "index": 33
  },
  {
    "name": "Require(29) app/extend/application.js",
    "start": 1612619159812,
    "end": 1612619159851,
    "duration": 39,
    "pid": 27264,
    "index": 34
  },
  {
    "name": "Load extend/request.js",
    "start": 1612619159854,
    "end": 1612619159859,
    "duration": 5,
    "pid": 27264,
    "index": 35
  },
  {
    "name": "Require(30) node_modules/egg/app/extend/request.js",
    "start": 1612619159856,
    "end": 1612619159857,
    "duration": 1,
    "pid": 27264,
    "index": 36
  },
  {
    "name": "Load extend/response.js",
    "start": 1612619159859,
    "end": 1612619159866,
    "duration": 7,
    "pid": 27264,
    "index": 37
  },
  {
    "name": "Require(31) node_modules/egg/app/extend/response.js",
    "start": 1612619159862,
    "end": 1612619159864,
    "duration": 2,
    "pid": 27264,
    "index": 38
  },
  {
    "name": "Load extend/context.js",
    "start": 1612619159866,
    "end": 1612619159916,
    "duration": 50,
    "pid": 27264,
    "index": 39
  },
  {
    "name": "Require(32) node_modules/egg-security/app/extend/context.js",
    "start": 1612619159867,
    "end": 1612619159877,
    "duration": 10,
    "pid": 27264,
    "index": 40
  },
  {
    "name": "Require(33) node_modules/egg-jsonp/app/extend/context.js",
    "start": 1612619159877,
    "end": 1612619159878,
    "duration": 1,
    "pid": 27264,
    "index": 41
  },
  {
    "name": "Require(34) node_modules/egg-i18n/app/extend/context.js",
    "start": 1612619159879,
    "end": 1612619159879,
    "duration": 0,
    "pid": 27264,
    "index": 42
  },
  {
    "name": "Require(35) node_modules/egg-multipart/app/extend/context.js",
    "start": 1612619159879,
    "end": 1612619159910,
    "duration": 31,
    "pid": 27264,
    "index": 43
  },
  {
    "name": "Require(36) node_modules/egg-view/app/extend/context.js",
    "start": 1612619159910,
    "end": 1612619159911,
    "duration": 1,
    "pid": 27264,
    "index": 44
  },
  {
    "name": "Require(37) node_modules/egg-mongoose/app/extend/context.js",
    "start": 1612619159911,
    "end": 1612619159912,
    "duration": 1,
    "pid": 27264,
    "index": 45
  },
  {
    "name": "Require(38) node_modules/egg-validate/app/extend/context.js",
    "start": 1612619159912,
    "end": 1612619159912,
    "duration": 0,
    "pid": 27264,
    "index": 46
  },
  {
    "name": "Require(39) node_modules/egg/app/extend/context.js",
    "start": 1612619159912,
    "end": 1612619159913,
    "duration": 1,
    "pid": 27264,
    "index": 47
  },
  {
    "name": "Load extend/helper.js",
    "start": 1612619159916,
    "end": 1612619159946,
    "duration": 30,
    "pid": 27264,
    "index": 48
  },
  {
    "name": "Require(40) node_modules/egg-security/app/extend/helper.js",
    "start": 1612619159916,
    "end": 1612619159929,
    "duration": 13,
    "pid": 27264,
    "index": 49
  },
  {
    "name": "Require(41) node_modules/egg/app/extend/helper.js",
    "start": 1612619159931,
    "end": 1612619159932,
    "duration": 1,
    "pid": 27264,
    "index": 50
  },
  {
    "name": "Require(42) app/extend/helper.js",
    "start": 1612619159932,
    "end": 1612619159944,
    "duration": 12,
    "pid": 27264,
    "index": 51
  },
  {
    "name": "Load app.js",
    "start": 1612619159947,
    "end": 1612619159970,
    "duration": 23,
    "pid": 27264,
    "index": 52
  },
  {
    "name": "Require(43) node_modules/egg-session/app.js",
    "start": 1612619159947,
    "end": 1612619159947,
    "duration": 0,
    "pid": 27264,
    "index": 53
  },
  {
    "name": "Require(44) node_modules/egg-security/app.js",
    "start": 1612619159947,
    "end": 1612619159948,
    "duration": 1,
    "pid": 27264,
    "index": 54
  },
  {
    "name": "Require(45) node_modules/egg-onerror/app.js",
    "start": 1612619159949,
    "end": 1612619159954,
    "duration": 5,
    "pid": 27264,
    "index": 55
  },
  {
    "name": "Require(46) node_modules/egg-i18n/app.js",
    "start": 1612619159954,
    "end": 1612619159961,
    "duration": 7,
    "pid": 27264,
    "index": 56
  },
  {
    "name": "Require(47) node_modules/egg-watcher/app.js",
    "start": 1612619159962,
    "end": 1612619159964,
    "duration": 2,
    "pid": 27264,
    "index": 57
  },
  {
    "name": "Require(48) node_modules/egg-schedule/app.js",
    "start": 1612619159964,
    "end": 1612619159965,
    "duration": 1,
    "pid": 27264,
    "index": 58
  },
  {
    "name": "Require(49) node_modules/egg-multipart/app.js",
    "start": 1612619159965,
    "end": 1612619159966,
    "duration": 1,
    "pid": 27264,
    "index": 59
  },
  {
    "name": "Require(50) node_modules/egg-development/app.js",
    "start": 1612619159966,
    "end": 1612619159966,
    "duration": 0,
    "pid": 27264,
    "index": 60
  },
  {
    "name": "Require(51) node_modules/egg-logrotator/app.js",
    "start": 1612619159966,
    "end": 1612619159967,
    "duration": 1,
    "pid": 27264,
    "index": 61
  },
  {
    "name": "Require(52) node_modules/egg-static/app.js",
    "start": 1612619159967,
    "end": 1612619159967,
    "duration": 0,
    "pid": 27264,
    "index": 62
  },
  {
    "name": "Require(53) node_modules/egg-mongoose/app.js",
    "start": 1612619159967,
    "end": 1612619159968,
    "duration": 1,
    "pid": 27264,
    "index": 63
  },
  {
    "name": "Require(54) node_modules/egg-validate/app.js",
    "start": 1612619159968,
    "end": 1612619159969,
    "duration": 1,
    "pid": 27264,
    "index": 64
  },
  {
    "name": "Require(55) node_modules/egg-cors/app.js",
    "start": 1612619159969,
    "end": 1612619159969,
    "duration": 0,
    "pid": 27264,
    "index": 65
  },
  {
    "name": "Before Start in node_modules/egg-watcher/lib/init.js:15:14",
    "start": 1612619159978,
    "end": 1612619160450,
    "duration": 472,
    "pid": 27264,
    "index": 66
  },
  {
    "name": "Before Start in node_modules/egg-mongoose/lib/mongoose.js:104:7",
    "start": 1612619160304,
    "end": 1612619160448,
    "duration": 144,
    "pid": 27264,
    "index": 67
  },
  {
    "name": "Before Start in node_modules/egg-mongoose/lib/mongoose.js:52:9",
    "start": 1612619160304,
    "end": 1612619160436,
    "duration": 132,
    "pid": 27264,
    "index": 68
  },
  {
    "name": "Load Service",
    "start": 1612619160304,
    "end": 1612619160330,
    "duration": 26,
    "pid": 27264,
    "index": 69
  },
  {
    "name": "Load \"service\" to Context",
    "start": 1612619160304,
    "end": 1612619160330,
    "duration": 26,
    "pid": 27264,
    "index": 70
  },
  {
    "name": "Load Middleware",
    "start": 1612619160330,
    "end": 1612619160407,
    "duration": 77,
    "pid": 27264,
    "index": 71
  },
  {
    "name": "Load \"middlewares\" to Application",
    "start": 1612619160330,
    "end": 1612619160399,
    "duration": 69,
    "pid": 27264,
    "index": 72
  },
  {
    "name": "Load Controller",
    "start": 1612619160407,
    "end": 1612619160410,
    "duration": 3,
    "pid": 27264,
    "index": 73
  },
  {
    "name": "Load \"controller\" to Application",
    "start": 1612619160407,
    "end": 1612619160410,
    "duration": 3,
    "pid": 27264,
    "index": 74
  },
  {
    "name": "Load Router",
    "start": 1612619160410,
    "end": 1612619160413,
    "duration": 3,
    "pid": 27264,
    "index": 75
  },
  {
    "name": "Require(56) app/router.js",
    "start": 1612619160411,
    "end": 1612619160411,
    "duration": 0,
    "pid": 27264,
    "index": 76
  },
  {
    "name": "Before Start in node_modules/egg-core/lib/egg.js:303:10",
    "start": 1612619160411,
    "end": 1612619160436,
    "duration": 25,
    "pid": 27264,
    "index": 77
  },
  {
    "name": "Load \"model\" to Application",
    "start": 1612619160419,
    "end": 1612619160435,
    "duration": 16,
    "pid": 27264,
    "index": 78
  }
]