[
  {
    "name": "Process Start",
    "start": 1612619822617,
    "end": 1612619823365,
    "duration": 748,
    "pid": 18860,
    "index": 0
  },
  {
    "name": "Application Start",
    "start": 1612619823366,
    "end": 1612619824075,
    "duration": 709,
    "pid": 18860,
    "index": 1
  },
  {
    "name": "Load Plugin",
    "start": 1612619823369,
    "end": 1612619823385,
    "duration": 16,
    "pid": 18860,
    "index": 2
  },
  {
    "name": "Load Config",
    "start": 1612619823385,
    "end": 1612619823404,
    "duration": 19,
    "pid": 18860,
    "index": 3
  },
  {
    "name": "Require(0) config/config.default.js",
    "start": 1612619823386,
    "end": 1612619823386,
    "duration": 0,
    "pid": 18860,
    "index": 4
  },
  {
    "name": "Require(1) config/config.local.js",
    "start": 1612619823387,
    "end": 1612619823387,
    "duration": 0,
    "pid": 18860,
    "index": 5
  },
  {
    "name": "Require(2) node_modules/egg-session/config/config.default.js",
    "start": 1612619823388,
    "end": 1612619823388,
    "duration": 0,
    "pid": 18860,
    "index": 6
  },
  {
    "name": "Require(3) node_modules/egg-security/config/config.default.js",
    "start": 1612619823388,
    "end": 1612619823389,
    "duration": 1,
    "pid": 18860,
    "index": 7
  },
  {
    "name": "Require(4) node_modules/egg-jsonp/config/config.default.js",
    "start": 1612619823389,
    "end": 1612619823390,
    "duration": 1,
    "pid": 18860,
    "index": 8
  },
  {
    "name": "Require(5) node_modules/egg-onerror/config/config.default.js",
    "start": 1612619823390,
    "end": 1612619823390,
    "duration": 0,
    "pid": 18860,
    "index": 9
  },
  {
    "name": "Require(6) node_modules/egg-i18n/config/config.default.js",
    "start": 1612619823391,
    "end": 1612619823391,
    "duration": 0,
    "pid": 18860,
    "index": 10
  },
  {
    "name": "Require(7) node_modules/egg-watcher/config/config.default.js",
    "start": 1612619823392,
    "end": 1612619823392,
    "duration": 0,
    "pid": 18860,
    "index": 11
  },
  {
    "name": "Require(8) node_modules/egg-schedule/config/config.default.js",
    "start": 1612619823392,
    "end": 1612619823393,
    "duration": 1,
    "pid": 18860,
    "index": 12
  },
  {
    "name": "Require(9) node_modules/egg-multipart/config/config.default.js",
    "start": 1612619823393,
    "end": 1612619823393,
    "duration": 0,
    "pid": 18860,
    "index": 13
  },
  {
    "name": "Require(10) node_modules/egg-development/config/config.default.js",
    "start": 1612619823394,
    "end": 1612619823394,
    "duration": 0,
    "pid": 18860,
    "index": 14
  },
  {
    "name": "Require(11) node_modules/egg-logrotator/config/config.default.js",
    "start": 1612619823395,
    "end": 1612619823395,
    "duration": 0,
    "pid": 18860,
    "index": 15
  },
  {
    "name": "Require(12) node_modules/egg-static/config/config.default.js",
    "start": 1612619823395,
    "end": 1612619823396,
    "duration": 1,
    "pid": 18860,
    "index": 16
  },
  {
    "name": "Require(13) node_modules/egg-view/config/config.default.js",
    "start": 1612619823396,
    "end": 1612619823396,
    "duration": 0,
    "pid": 18860,
    "index": 17
  },
  {
    "name": "Require(14) node_modules/egg-mongoose/config/config.default.js",
    "start": 1612619823397,
    "end": 1612619823397,
    "duration": 0,
    "pid": 18860,
    "index": 18
  },
  {
    "name": "Require(15) node_modules/egg-validate/config/config.default.js",
    "start": 1612619823398,
    "end": 1612619823398,
    "duration": 0,
    "pid": 18860,
    "index": 19
  },
  {
    "name": "Require(16) node_modules/egg-cors/config/config.default.js",
    "start": 1612619823398,
    "end": 1612619823398,
    "duration": 0,
    "pid": 18860,
    "index": 20
  },
  {
    "name": "Require(17) node_modules/egg/config/config.default.js",
    "start": 1612619823399,
    "end": 1612619823399,
    "duration": 0,
    "pid": 18860,
    "index": 21
  },
  {
    "name": "Require(18) config/config.default.js",
    "start": 1612619823400,
    "end": 1612619823400,
    "duration": 0,
    "pid": 18860,
    "index": 22
  },
  {
    "name": "Require(19) node_modules/egg-security/config/config.local.js",
    "start": 1612619823401,
    "end": 1612619823401,
    "duration": 0,
    "pid": 18860,
    "index": 23
  },
  {
    "name": "Require(20) node_modules/egg-watcher/config/config.local.js",
    "start": 1612619823402,
    "end": 1612619823402,
    "duration": 0,
    "pid": 18860,
    "index": 24
  },
  {
    "name": "Require(21) node_modules/egg-view/config/config.local.js",
    "start": 1612619823403,
    "end": 1612619823403,
    "duration": 0,
    "pid": 18860,
    "index": 25
  },
  {
    "name": "Require(22) node_modules/egg/config/config.local.js",
    "start": 1612619823404,
    "end": 1612619823404,
    "duration": 0,
    "pid": 18860,
    "index": 26
  },
  {
    "name": "Require(23) config/config.local.js",
    "start": 1612619823404,
    "end": 1612619823404,
    "duration": 0,
    "pid": 18860,
    "index": 27
  },
  {
    "name": "Load extend/application.js",
    "start": 1612619823405,
    "end": 1612619823460,
    "duration": 55,
    "pid": 18860,
    "index": 28
  },
  {
    "name": "Require(24) node_modules/egg-session/app/extend/application.js",
    "start": 1612619823405,
    "end": 1612619823406,
    "duration": 1,
    "pid": 18860,
    "index": 29
  },
  {
    "name": "Require(25) node_modules/egg-security/app/extend/application.js",
    "start": 1612619823406,
    "end": 1612619823407,
    "duration": 1,
    "pid": 18860,
    "index": 30
  },
  {
    "name": "Require(26) node_modules/egg-jsonp/app/extend/application.js",
    "start": 1612619823407,
    "end": 1612619823408,
    "duration": 1,
    "pid": 18860,
    "index": 31
  },
  {
    "name": "Require(27) node_modules/egg-logrotator/app/extend/application.js",
    "start": 1612619823409,
    "end": 1612619823415,
    "duration": 6,
    "pid": 18860,
    "index": 32
  },
  {
    "name": "Require(28) node_modules/egg-view/app/extend/application.js",
    "start": 1612619823415,
    "end": 1612619823416,
    "duration": 1,
    "pid": 18860,
    "index": 33
  },
  {
    "name": "Require(29) app/extend/application.js",
    "start": 1612619823417,
    "end": 1612619823457,
    "duration": 40,
    "pid": 18860,
    "index": 34
  },
  {
    "name": "Load extend/request.js",
    "start": 1612619823460,
    "end": 1612619823465,
    "duration": 5,
    "pid": 18860,
    "index": 35
  },
  {
    "name": "Require(30) node_modules/egg/app/extend/request.js",
    "start": 1612619823462,
    "end": 1612619823463,
    "duration": 1,
    "pid": 18860,
    "index": 36
  },
  {
    "name": "Load extend/response.js",
    "start": 1612619823465,
    "end": 1612619823471,
    "duration": 6,
    "pid": 18860,
    "index": 37
  },
  {
    "name": "Require(31) node_modules/egg/app/extend/response.js",
    "start": 1612619823468,
    "end": 1612619823469,
    "duration": 1,
    "pid": 18860,
    "index": 38
  },
  {
    "name": "Load extend/context.js",
    "start": 1612619823471,
    "end": 1612619823522,
    "duration": 51,
    "pid": 18860,
    "index": 39
  },
  {
    "name": "Require(32) node_modules/egg-security/app/extend/context.js",
    "start": 1612619823472,
    "end": 1612619823482,
    "duration": 10,
    "pid": 18860,
    "index": 40
  },
  {
    "name": "Require(33) node_modules/egg-jsonp/app/extend/context.js",
    "start": 1612619823482,
    "end": 1612619823483,
    "duration": 1,
    "pid": 18860,
    "index": 41
  },
  {
    "name": "Require(34) node_modules/egg-i18n/app/extend/context.js",
    "start": 1612619823484,
    "end": 1612619823484,
    "duration": 0,
    "pid": 18860,
    "index": 42
  },
  {
    "name": "Require(35) node_modules/egg-multipart/app/extend/context.js",
    "start": 1612619823485,
    "end": 1612619823516,
    "duration": 31,
    "pid": 18860,
    "index": 43
  },
  {
    "name": "Require(36) node_modules/egg-view/app/extend/context.js",
    "start": 1612619823517,
    "end": 1612619823517,
    "duration": 0,
    "pid": 18860,
    "index": 44
  },
  {
    "name": "Require(37) node_modules/egg-mongoose/app/extend/context.js",
    "start": 1612619823518,
    "end": 1612619823518,
    "duration": 0,
    "pid": 18860,
    "index": 45
  },
  {
    "name": "Require(38) node_modules/egg-validate/app/extend/context.js",
    "start": 1612619823518,
    "end": 1612619823518,
    "duration": 0,
    "pid": 18860,
    "index": 46
  },
  {
    "name": "Require(39) node_modules/egg/app/extend/context.js",
    "start": 1612619823519,
    "end": 1612619823520,
    "duration": 1,
    "pid": 18860,
    "index": 47
  },
  {
    "name": "Load extend/helper.js",
    "start": 1612619823522,
    "end": 1612619823554,
    "duration": 32,
    "pid": 18860,
    "index": 48
  },
  {
    "name": "Require(40) node_modules/egg-security/app/extend/helper.js",
    "start": 1612619823522,
    "end": 1612619823536,
    "duration": 14,
    "pid": 18860,
    "index": 49
  },
  {
    "name": "Require(41) node_modules/egg/app/extend/helper.js",
    "start": 1612619823538,
    "end": 1612619823539,
    "duration": 1,
    "pid": 18860,
    "index": 50
  },
  {
    "name": "Require(42) app/extend/helper.js",
    "start": 1612619823539,
    "end": 1612619823551,
    "duration": 12,
    "pid": 18860,
    "index": 51
  },
  {
    "name": "Load app.js",
    "start": 1612619823554,
    "end": 1612619823578,
    "duration": 24,
    "pid": 18860,
    "index": 52
  },
  {
    "name": "Require(43) node_modules/egg-session/app.js",
    "start": 1612619823554,
    "end": 1612619823554,
    "duration": 0,
    "pid": 18860,
    "index": 53
  },
  {
    "name": "Require(44) node_modules/egg-security/app.js",
    "start": 1612619823555,
    "end": 1612619823556,
    "duration": 1,
    "pid": 18860,
    "index": 54
  },
  {
    "name": "Require(45) node_modules/egg-onerror/app.js",
    "start": 1612619823556,
    "end": 1612619823561,
    "duration": 5,
    "pid": 18860,
    "index": 55
  },
  {
    "name": "Require(46) node_modules/egg-i18n/app.js",
    "start": 1612619823561,
    "end": 1612619823569,
    "duration": 8,
    "pid": 18860,
    "index": 56
  },
  {
    "name": "Require(47) node_modules/egg-watcher/app.js",
    "start": 1612619823569,
    "end": 1612619823571,
    "duration": 2,
    "pid": 18860,
    "index": 57
  },
  {
    "name": "Require(48) node_modules/egg-schedule/app.js",
    "start": 1612619823572,
    "end": 1612619823573,
    "duration": 1,
    "pid": 18860,
    "index": 58
  },
  {
    "name": "Require(49) node_modules/egg-multipart/app.js",
    "start": 1612619823573,
    "end": 1612619823573,
    "duration": 0,
    "pid": 18860,
    "index": 59
  },
  {
    "name": "Require(50) node_modules/egg-development/app.js",
    "start": 1612619823574,
    "end": 1612619823574,
    "duration": 0,
    "pid": 18860,
    "index": 60
  },
  {
    "name": "Require(51) node_modules/egg-logrotator/app.js",
    "start": 1612619823574,
    "end": 1612619823574,
    "duration": 0,
    "pid": 18860,
    "index": 61
  },
  {
    "name": "Require(52) node_modules/egg-static/app.js",
    "start": 1612619823575,
    "end": 1612619823575,
    "duration": 0,
    "pid": 18860,
    "index": 62
  },
  {
    "name": "Require(53) node_modules/egg-mongoose/app.js",
    "start": 1612619823575,
    "end": 1612619823575,
    "duration": 0,
    "pid": 18860,
    "index": 63
  },
  {
    "name": "Require(54) node_modules/egg-validate/app.js",
    "start": 1612619823576,
    "end": 1612619823577,
    "duration": 1,
    "pid": 18860,
    "index": 64
  },
  {
    "name": "Require(55) node_modules/egg-cors/app.js",
    "start": 1612619823577,
    "end": 1612619823578,
    "duration": 1,
    "pid": 18860,
    "index": 65
  },
  {
    "name": "Before Start in node_modules/egg-watcher/lib/init.js:15:14",
    "start": 1612619823587,
    "end": 1612619824074,
    "duration": 487,
    "pid": 18860,
    "index": 66
  },
  {
    "name": "Before Start in node_modules/egg-mongoose/lib/mongoose.js:104:7",
    "start": 1612619823915,
    "end": 1612619824073,
    "duration": 158,
    "pid": 18860,
    "index": 67
  },
  {
    "name": "Before Start in node_modules/egg-mongoose/lib/mongoose.js:52:9",
    "start": 1612619823915,
    "end": 1612619824061,
    "duration": 146,
    "pid": 18860,
    "index": 68
  },
  {
    "name": "Load Service",
    "start": 1612619823916,
    "end": 1612619823954,
    "duration": 38,
    "pid": 18860,
    "index": 69
  },
  {
    "name": "Load \"service\" to Context",
    "start": 1612619823916,
    "end": 1612619823954,
    "duration": 38,
    "pid": 18860,
    "index": 70
  },
  {
    "name": "Load Middleware",
    "start": 1612619823954,
    "end": 1612619824032,
    "duration": 78,
    "pid": 18860,
    "index": 71
  },
  {
    "name": "Load \"middlewares\" to Application",
    "start": 1612619823954,
    "end": 1612619824024,
    "duration": 70,
    "pid": 18860,
    "index": 72
  },
  {
    "name": "Load Controller",
    "start": 1612619824032,
    "end": 1612619824035,
    "duration": 3,
    "pid": 18860,
    "index": 73
  },
  {
    "name": "Load \"controller\" to Application",
    "start": 1612619824032,
    "end": 1612619824035,
    "duration": 3,
    "pid": 18860,
    "index": 74
  },
  {
    "name": "Load Router",
    "start": 1612619824035,
    "end": 1612619824038,
    "duration": 3,
    "pid": 18860,
    "index": 75
  },
  {
    "name": "Require(56) app/router.js",
    "start": 1612619824036,
    "end": 1612619824036,
    "duration": 0,
    "pid": 18860,
    "index": 76
  },
  {
    "name": "Before Start in node_modules/egg-core/lib/egg.js:303:10",
    "start": 1612619824036,
    "end": 1612619824061,
    "duration": 25,
    "pid": 18860,
    "index": 77
  },
  {
    "name": "Load \"model\" to Application",
    "start": 1612619824045,
    "end": 1612619824060,
    "duration": 15,
    "pid": 18860,
    "index": 78
  }
]