[
  {
    "name": "Process Start",
    "start": 1612618107862,
    "end": 1612618108619,
    "duration": 757,
    "pid": 24404,
    "index": 0
  },
  {
    "name": "Application Start",
    "start": 1612618108619,
    "end": 1612618109317,
    "duration": 698,
    "pid": 24404,
    "index": 1
  },
  {
    "name": "Load Plugin",
    "start": 1612618108623,
    "end": 1612618108639,
    "duration": 16,
    "pid": 24404,
    "index": 2
  },
  {
    "name": "Load Config",
    "start": 1612618108639,
    "end": 1612618108658,
    "duration": 19,
    "pid": 24404,
    "index": 3
  },
  {
    "name": "Require(0) config/config.default.js",
    "start": 1612618108640,
    "end": 1612618108640,
    "duration": 0,
    "pid": 24404,
    "index": 4
  },
  {
    "name": "Require(1) config/config.local.js",
    "start": 1612618108641,
    "end": 1612618108641,
    "duration": 0,
    "pid": 24404,
    "index": 5
  },
  {
    "name": "Require(2) node_modules/egg-session/config/config.default.js",
    "start": 1612618108642,
    "end": 1612618108642,
    "duration": 0,
    "pid": 24404,
    "index": 6
  },
  {
    "name": "Require(3) node_modules/egg-security/config/config.default.js",
    "start": 1612618108643,
    "end": 1612618108643,
    "duration": 0,
    "pid": 24404,
    "index": 7
  },
  {
    "name": "Require(4) node_modules/egg-jsonp/config/config.default.js",
    "start": 1612618108644,
    "end": 1612618108644,
    "duration": 0,
    "pid": 24404,
    "index": 8
  },
  {
    "name": "Require(5) node_modules/egg-onerror/config/config.default.js",
    "start": 1612618108644,
    "end": 1612618108645,
    "duration": 1,
    "pid": 24404,
    "index": 9
  },
  {
    "name": "Require(6) node_modules/egg-i18n/config/config.default.js",
    "start": 1612618108645,
    "end": 1612618108645,
    "duration": 0,
    "pid": 24404,
    "index": 10
  },
  {
    "name": "Require(7) node_modules/egg-watcher/config/config.default.js",
    "start": 1612618108646,
    "end": 1612618108646,
    "duration": 0,
    "pid": 24404,
    "index": 11
  },
  {
    "name": "Require(8) node_modules/egg-schedule/config/config.default.js",
    "start": 1612618108647,
    "end": 1612618108647,
    "duration": 0,
    "pid": 24404,
    "index": 12
  },
  {
    "name": "Require(9) node_modules/egg-multipart/config/config.default.js",
    "start": 1612618108647,
    "end": 1612618108648,
    "duration": 1,
    "pid": 24404,
    "index": 13
  },
  {
    "name": "Require(10) node_modules/egg-development/config/config.default.js",
    "start": 1612618108648,
    "end": 1612618108648,
    "duration": 0,
    "pid": 24404,
    "index": 14
  },
  {
    "name": "Require(11) node_modules/egg-logrotator/config/config.default.js",
    "start": 1612618108649,
    "end": 1612618108649,
    "duration": 0,
    "pid": 24404,
    "index": 15
  },
  {
    "name": "Require(12) node_modules/egg-static/config/config.default.js",
    "start": 1612618108649,
    "end": 1612618108650,
    "duration": 1,
    "pid": 24404,
    "index": 16
  },
  {
    "name": "Require(13) node_modules/egg-view/config/config.default.js",
    "start": 1612618108650,
    "end": 1612618108651,
    "duration": 1,
    "pid": 24404,
    "index": 17
  },
  {
    "name": "Require(14) node_modules/egg-mongoose/config/config.default.js",
    "start": 1612618108651,
    "end": 1612618108651,
    "duration": 0,
    "pid": 24404,
    "index": 18
  },
  {
    "name": "Require(15) node_modules/egg-validate/config/config.default.js",
    "start": 1612618108652,
    "end": 1612618108652,
    "duration": 0,
    "pid": 24404,
    "index": 19
  },
  {
    "name": "Require(16) node_modules/egg-cors/config/config.default.js",
    "start": 1612618108652,
    "end": 1612618108652,
    "duration": 0,
    "pid": 24404,
    "index": 20
  },
  {
    "name": "Require(17) node_modules/egg/config/config.default.js",
    "start": 1612618108653,
    "end": 1612618108653,
    "duration": 0,
    "pid": 24404,
    "index": 21
  },
  {
    "name": "Require(18) config/config.default.js",
    "start": 1612618108654,
    "end": 1612618108654,
    "duration": 0,
    "pid": 24404,
    "index": 22
  },
  {
    "name": "Require(19) node_modules/egg-security/config/config.local.js",
    "start": 1612618108655,
    "end": 1612618108655,
    "duration": 0,
    "pid": 24404,
    "index": 23
  },
  {
    "name": "Require(20) node_modules/egg-watcher/config/config.local.js",
    "start": 1612618108655,
    "end": 1612618108656,
    "duration": 1,
    "pid": 24404,
    "index": 24
  },
  {
    "name": "Require(21) node_modules/egg-view/config/config.local.js",
    "start": 1612618108657,
    "end": 1612618108657,
    "duration": 0,
    "pid": 24404,
    "index": 25
  },
  {
    "name": "Require(22) node_modules/egg/config/config.local.js",
    "start": 1612618108658,
    "end": 1612618108658,
    "duration": 0,
    "pid": 24404,
    "index": 26
  },
  {
    "name": "Require(23) config/config.local.js",
    "start": 1612618108658,
    "end": 1612618108658,
    "duration": 0,
    "pid": 24404,
    "index": 27
  },
  {
    "name": "Load extend/application.js",
    "start": 1612618108659,
    "end": 1612618108713,
    "duration": 54,
    "pid": 24404,
    "index": 28
  },
  {
    "name": "Require(24) node_modules/egg-session/app/extend/application.js",
    "start": 1612618108659,
    "end": 1612618108660,
    "duration": 1,
    "pid": 24404,
    "index": 29
  },
  {
    "name": "Require(25) node_modules/egg-security/app/extend/application.js",
    "start": 1612618108660,
    "end": 1612618108661,
    "duration": 1,
    "pid": 24404,
    "index": 30
  },
  {
    "name": "Require(26) node_modules/egg-jsonp/app/extend/application.js",
    "start": 1612618108661,
    "end": 1612618108662,
    "duration": 1,
    "pid": 24404,
    "index": 31
  },
  {
    "name": "Require(27) node_modules/egg-logrotator/app/extend/application.js",
    "start": 1612618108663,
    "end": 1612618108669,
    "duration": 6,
    "pid": 24404,
    "index": 32
  },
  {
    "name": "Require(28) node_modules/egg-view/app/extend/application.js",
    "start": 1612618108669,
    "end": 1612618108670,
    "duration": 1,
    "pid": 24404,
    "index": 33
  },
  {
    "name": "Require(29) app/extend/application.js",
    "start": 1612618108671,
    "end": 1612618108711,
    "duration": 40,
    "pid": 24404,
    "index": 34
  },
  {
    "name": "Load extend/request.js",
    "start": 1612618108713,
    "end": 1612618108719,
    "duration": 6,
    "pid": 24404,
    "index": 35
  },
  {
    "name": "Require(30) node_modules/egg/app/extend/request.js",
    "start": 1612618108716,
    "end": 1612618108716,
    "duration": 0,
    "pid": 24404,
    "index": 36
  },
  {
    "name": "Load extend/response.js",
    "start": 1612618108719,
    "end": 1612618108726,
    "duration": 7,
    "pid": 24404,
    "index": 37
  },
  {
    "name": "Require(31) node_modules/egg/app/extend/response.js",
    "start": 1612618108721,
    "end": 1612618108723,
    "duration": 2,
    "pid": 24404,
    "index": 38
  },
  {
    "name": "Load extend/context.js",
    "start": 1612618108726,
    "end": 1612618108776,
    "duration": 50,
    "pid": 24404,
    "index": 39
  },
  {
    "name": "Require(32) node_modules/egg-security/app/extend/context.js",
    "start": 1612618108726,
    "end": 1612618108736,
    "duration": 10,
    "pid": 24404,
    "index": 40
  },
  {
    "name": "Require(33) node_modules/egg-jsonp/app/extend/context.js",
    "start": 1612618108737,
    "end": 1612618108737,
    "duration": 0,
    "pid": 24404,
    "index": 41
  },
  {
    "name": "Require(34) node_modules/egg-i18n/app/extend/context.js",
    "start": 1612618108738,
    "end": 1612618108738,
    "duration": 0,
    "pid": 24404,
    "index": 42
  },
  {
    "name": "Require(35) node_modules/egg-multipart/app/extend/context.js",
    "start": 1612618108739,
    "end": 1612618108769,
    "duration": 30,
    "pid": 24404,
    "index": 43
  },
  {
    "name": "Require(36) node_modules/egg-view/app/extend/context.js",
    "start": 1612618108770,
    "end": 1612618108770,
    "duration": 0,
    "pid": 24404,
    "index": 44
  },
  {
    "name": "Require(37) node_modules/egg-mongoose/app/extend/context.js",
    "start": 1612618108771,
    "end": 1612618108771,
    "duration": 0,
    "pid": 24404,
    "index": 45
  },
  {
    "name": "Require(38) node_modules/egg-validate/app/extend/context.js",
    "start": 1612618108772,
    "end": 1612618108772,
    "duration": 0,
    "pid": 24404,
    "index": 46
  },
  {
    "name": "Require(39) node_modules/egg/app/extend/context.js",
    "start": 1612618108773,
    "end": 1612618108773,
    "duration": 0,
    "pid": 24404,
    "index": 47
  },
  {
    "name": "Load extend/helper.js",
    "start": 1612618108776,
    "end": 1612618108807,
    "duration": 31,
    "pid": 24404,
    "index": 48
  },
  {
    "name": "Require(40) node_modules/egg-security/app/extend/helper.js",
    "start": 1612618108776,
    "end": 1612618108790,
    "duration": 14,
    "pid": 24404,
    "index": 49
  },
  {
    "name": "Require(41) node_modules/egg/app/extend/helper.js",
    "start": 1612618108792,
    "end": 1612618108792,
    "duration": 0,
    "pid": 24404,
    "index": 50
  },
  {
    "name": "Require(42) app/extend/helper.js",
    "start": 1612618108792,
    "end": 1612618108805,
    "duration": 13,
    "pid": 24404,
    "index": 51
  },
  {
    "name": "Load app.js",
    "start": 1612618108807,
    "end": 1612618108831,
    "duration": 24,
    "pid": 24404,
    "index": 52
  },
  {
    "name": "Require(43) node_modules/egg-session/app.js",
    "start": 1612618108808,
    "end": 1612618108808,
    "duration": 0,
    "pid": 24404,
    "index": 53
  },
  {
    "name": "Require(44) node_modules/egg-security/app.js",
    "start": 1612618108808,
    "end": 1612618108809,
    "duration": 1,
    "pid": 24404,
    "index": 54
  },
  {
    "name": "Require(45) node_modules/egg-onerror/app.js",
    "start": 1612618108810,
    "end": 1612618108815,
    "duration": 5,
    "pid": 24404,
    "index": 55
  },
  {
    "name": "Require(46) node_modules/egg-i18n/app.js",
    "start": 1612618108815,
    "end": 1612618108822,
    "duration": 7,
    "pid": 24404,
    "index": 56
  },
  {
    "name": "Require(47) node_modules/egg-watcher/app.js",
    "start": 1612618108823,
    "end": 1612618108825,
    "duration": 2,
    "pid": 24404,
    "index": 57
  },
  {
    "name": "Require(48) node_modules/egg-schedule/app.js",
    "start": 1612618108825,
    "end": 1612618108826,
    "duration": 1,
    "pid": 24404,
    "index": 58
  },
  {
    "name": "Require(49) node_modules/egg-multipart/app.js",
    "start": 1612618108826,
    "end": 1612618108827,
    "duration": 1,
    "pid": 24404,
    "index": 59
  },
  {
    "name": "Require(50) node_modules/egg-development/app.js",
    "start": 1612618108827,
    "end": 1612618108827,
    "duration": 0,
    "pid": 24404,
    "index": 60
  },
  {
    "name": "Require(51) node_modules/egg-logrotator/app.js",
    "start": 1612618108827,
    "end": 1612618108828,
    "duration": 1,
    "pid": 24404,
    "index": 61
  },
  {
    "name": "Require(52) node_modules/egg-static/app.js",
    "start": 1612618108828,
    "end": 1612618108828,
    "duration": 0,
    "pid": 24404,
    "index": 62
  },
  {
    "name": "Require(53) node_modules/egg-mongoose/app.js",
    "start": 1612618108829,
    "end": 1612618108829,
    "duration": 0,
    "pid": 24404,
    "index": 63
  },
  {
    "name": "Require(54) node_modules/egg-validate/app.js",
    "start": 1612618108829,
    "end": 1612618108830,
    "duration": 1,
    "pid": 24404,
    "index": 64
  },
  {
    "name": "Require(55) node_modules/egg-cors/app.js",
    "start": 1612618108830,
    "end": 1612618108831,
    "duration": 1,
    "pid": 24404,
    "index": 65
  },
  {
    "name": "Before Start in node_modules/egg-watcher/lib/init.js:15:14",
    "start": 1612618108839,
    "end": 1612618109317,
    "duration": 478,
    "pid": 24404,
    "index": 66
  },
  {
    "name": "Before Start in node_modules/egg-mongoose/lib/mongoose.js:104:7",
    "start": 1612618109172,
    "end": 1612618109315,
    "duration": 143,
    "pid": 24404,
    "index": 67
  },
  {
    "name": "Before Start in node_modules/egg-mongoose/lib/mongoose.js:52:9",
    "start": 1612618109172,
    "end": 1612618109303,
    "duration": 131,
    "pid": 24404,
    "index": 68
  },
  {
    "name": "Load Service",
    "start": 1612618109172,
    "end": 1612618109198,
    "duration": 26,
    "pid": 24404,
    "index": 69
  },
  {
    "name": "Load \"service\" to Context",
    "start": 1612618109172,
    "end": 1612618109198,
    "duration": 26,
    "pid": 24404,
    "index": 70
  },
  {
    "name": "Load Middleware",
    "start": 1612618109198,
    "end": 1612618109275,
    "duration": 77,
    "pid": 24404,
    "index": 71
  },
  {
    "name": "Load \"middlewares\" to Application",
    "start": 1612618109198,
    "end": 1612618109266,
    "duration": 68,
    "pid": 24404,
    "index": 72
  },
  {
    "name": "Load Controller",
    "start": 1612618109275,
    "end": 1612618109278,
    "duration": 3,
    "pid": 24404,
    "index": 73
  },
  {
    "name": "Load \"controller\" to Application",
    "start": 1612618109275,
    "end": 1612618109278,
    "duration": 3,
    "pid": 24404,
    "index": 74
  },
  {
    "name": "Load Router",
    "start": 1612618109278,
    "end": 1612618109281,
    "duration": 3,
    "pid": 24404,
    "index": 75
  },
  {
    "name": "Require(56) app/router.js",
    "start": 1612618109278,
    "end": 1612618109278,
    "duration": 0,
    "pid": 24404,
    "index": 76
  },
  {
    "name": "Before Start in node_modules/egg-core/lib/egg.js:303:10",
    "start": 1612618109279,
    "end": 1612618109303,
    "duration": 24,
    "pid": 24404,
    "index": 77
  },
  {
    "name": "Load \"model\" to Application",
    "start": 1612618109287,
    "end": 1612618109302,
    "duration": 15,
    "pid": 24404,
    "index": 78
  }
]