[
  {
    "name": "Process Start",
    "start": 1612618161924,
    "end": 1612618162684,
    "duration": 760,
    "pid": 26600,
    "index": 0
  },
  {
    "name": "Application Start",
    "start": 1612618162684,
    "end": 1612618163369,
    "duration": 685,
    "pid": 26600,
    "index": 1
  },
  {
    "name": "Load Plugin",
    "start": 1612618162688,
    "end": 1612618162704,
    "duration": 16,
    "pid": 26600,
    "index": 2
  },
  {
    "name": "Load Config",
    "start": 1612618162704,
    "end": 1612618162723,
    "duration": 19,
    "pid": 26600,
    "index": 3
  },
  {
    "name": "Require(0) config/config.default.js",
    "start": 1612618162705,
    "end": 1612618162705,
    "duration": 0,
    "pid": 26600,
    "index": 4
  },
  {
    "name": "Require(1) config/config.local.js",
    "start": 1612618162706,
    "end": 1612618162706,
    "duration": 0,
    "pid": 26600,
    "index": 5
  },
  {
    "name": "Require(2) node_modules/egg-session/config/config.default.js",
    "start": 1612618162707,
    "end": 1612618162707,
    "duration": 0,
    "pid": 26600,
    "index": 6
  },
  {
    "name": "Require(3) node_modules/egg-security/config/config.default.js",
    "start": 1612618162707,
    "end": 1612618162708,
    "duration": 1,
    "pid": 26600,
    "index": 7
  },
  {
    "name": "Require(4) node_modules/egg-jsonp/config/config.default.js",
    "start": 1612618162708,
    "end": 1612618162709,
    "duration": 1,
    "pid": 26600,
    "index": 8
  },
  {
    "name": "Require(5) node_modules/egg-onerror/config/config.default.js",
    "start": 1612618162709,
    "end": 1612618162709,
    "duration": 0,
    "pid": 26600,
    "index": 9
  },
  {
    "name": "Require(6) node_modules/egg-i18n/config/config.default.js",
    "start": 1612618162710,
    "end": 1612618162710,
    "duration": 0,
    "pid": 26600,
    "index": 10
  },
  {
    "name": "Require(7) node_modules/egg-watcher/config/config.default.js",
    "start": 1612618162711,
    "end": 1612618162711,
    "duration": 0,
    "pid": 26600,
    "index": 11
  },
  {
    "name": "Require(8) node_modules/egg-schedule/config/config.default.js",
    "start": 1612618162711,
    "end": 1612618162712,
    "duration": 1,
    "pid": 26600,
    "index": 12
  },
  {
    "name": "Require(9) node_modules/egg-multipart/config/config.default.js",
    "start": 1612618162712,
    "end": 1612618162713,
    "duration": 1,
    "pid": 26600,
    "index": 13
  },
  {
    "name": "Require(10) node_modules/egg-development/config/config.default.js",
    "start": 1612618162713,
    "end": 1612618162713,
    "duration": 0,
    "pid": 26600,
    "index": 14
  },
  {
    "name": "Require(11) node_modules/egg-logrotator/config/config.default.js",
    "start": 1612618162714,
    "end": 1612618162714,
    "duration": 0,
    "pid": 26600,
    "index": 15
  },
  {
    "name": "Require(12) node_modules/egg-static/config/config.default.js",
    "start": 1612618162714,
    "end": 1612618162715,
    "duration": 1,
    "pid": 26600,
    "index": 16
  },
  {
    "name": "Require(13) node_modules/egg-view/config/config.default.js",
    "start": 1612618162715,
    "end": 1612618162715,
    "duration": 0,
    "pid": 26600,
    "index": 17
  },
  {
    "name": "Require(14) node_modules/egg-mongoose/config/config.default.js",
    "start": 1612618162716,
    "end": 1612618162716,
    "duration": 0,
    "pid": 26600,
    "index": 18
  },
  {
    "name": "Require(15) node_modules/egg-validate/config/config.default.js",
    "start": 1612618162716,
    "end": 1612618162717,
    "duration": 1,
    "pid": 26600,
    "index": 19
  },
  {
    "name": "Require(16) node_modules/egg-cors/config/config.default.js",
    "start": 1612618162717,
    "end": 1612618162717,
    "duration": 0,
    "pid": 26600,
    "index": 20
  },
  {
    "name": "Require(17) node_modules/egg/config/config.default.js",
    "start": 1612618162718,
    "end": 1612618162718,
    "duration": 0,
    "pid": 26600,
    "index": 21
  },
  {
    "name": "Require(18) config/config.default.js",
    "start": 1612618162719,
    "end": 1612618162719,
    "duration": 0,
    "pid": 26600,
    "index": 22
  },
  {
    "name": "Require(19) node_modules/egg-security/config/config.local.js",
    "start": 1612618162720,
    "end": 1612618162720,
    "duration": 0,
    "pid": 26600,
    "index": 23
  },
  {
    "name": "Require(20) node_modules/egg-watcher/config/config.local.js",
    "start": 1612618162721,
    "end": 1612618162721,
    "duration": 0,
    "pid": 26600,
    "index": 24
  },
  {
    "name": "Require(21) node_modules/egg-view/config/config.local.js",
    "start": 1612618162722,
    "end": 1612618162722,
    "duration": 0,
    "pid": 26600,
    "index": 25
  },
  {
    "name": "Require(22) node_modules/egg/config/config.local.js",
    "start": 1612618162723,
    "end": 1612618162723,
    "duration": 0,
    "pid": 26600,
    "index": 26
  },
  {
    "name": "Require(23) config/config.local.js",
    "start": 1612618162723,
    "end": 1612618162723,
    "duration": 0,
    "pid": 26600,
    "index": 27
  },
  {
    "name": "Load extend/application.js",
    "start": 1612618162724,
    "end": 1612618162779,
    "duration": 55,
    "pid": 26600,
    "index": 28
  },
  {
    "name": "Require(24) node_modules/egg-session/app/extend/application.js",
    "start": 1612618162724,
    "end": 1612618162725,
    "duration": 1,
    "pid": 26600,
    "index": 29
  },
  {
    "name": "Require(25) node_modules/egg-security/app/extend/application.js",
    "start": 1612618162725,
    "end": 1612618162726,
    "duration": 1,
    "pid": 26600,
    "index": 30
  },
  {
    "name": "Require(26) node_modules/egg-jsonp/app/extend/application.js",
    "start": 1612618162726,
    "end": 1612618162727,
    "duration": 1,
    "pid": 26600,
    "index": 31
  },
  {
    "name": "Require(27) node_modules/egg-logrotator/app/extend/application.js",
    "start": 1612618162728,
    "end": 1612618162734,
    "duration": 6,
    "pid": 26600,
    "index": 32
  },
  {
    "name": "Require(28) node_modules/egg-view/app/extend/application.js",
    "start": 1612618162734,
    "end": 1612618162735,
    "duration": 1,
    "pid": 26600,
    "index": 33
  },
  {
    "name": "Require(29) app/extend/application.js",
    "start": 1612618162736,
    "end": 1612618162777,
    "duration": 41,
    "pid": 26600,
    "index": 34
  },
  {
    "name": "Load extend/request.js",
    "start": 1612618162779,
    "end": 1612618162785,
    "duration": 6,
    "pid": 26600,
    "index": 35
  },
  {
    "name": "Require(30) node_modules/egg/app/extend/request.js",
    "start": 1612618162781,
    "end": 1612618162782,
    "duration": 1,
    "pid": 26600,
    "index": 36
  },
  {
    "name": "Load extend/response.js",
    "start": 1612618162785,
    "end": 1612618162792,
    "duration": 7,
    "pid": 26600,
    "index": 37
  },
  {
    "name": "Require(31) node_modules/egg/app/extend/response.js",
    "start": 1612618162787,
    "end": 1612618162789,
    "duration": 2,
    "pid": 26600,
    "index": 38
  },
  {
    "name": "Load extend/context.js",
    "start": 1612618162792,
    "end": 1612618162842,
    "duration": 50,
    "pid": 26600,
    "index": 39
  },
  {
    "name": "Require(32) node_modules/egg-security/app/extend/context.js",
    "start": 1612618162792,
    "end": 1612618162803,
    "duration": 11,
    "pid": 26600,
    "index": 40
  },
  {
    "name": "Require(33) node_modules/egg-jsonp/app/extend/context.js",
    "start": 1612618162803,
    "end": 1612618162804,
    "duration": 1,
    "pid": 26600,
    "index": 41
  },
  {
    "name": "Require(34) node_modules/egg-i18n/app/extend/context.js",
    "start": 1612618162805,
    "end": 1612618162805,
    "duration": 0,
    "pid": 26600,
    "index": 42
  },
  {
    "name": "Require(35) node_modules/egg-multipart/app/extend/context.js",
    "start": 1612618162806,
    "end": 1612618162836,
    "duration": 30,
    "pid": 26600,
    "index": 43
  },
  {
    "name": "Require(36) node_modules/egg-view/app/extend/context.js",
    "start": 1612618162837,
    "end": 1612618162837,
    "duration": 0,
    "pid": 26600,
    "index": 44
  },
  {
    "name": "Require(37) node_modules/egg-mongoose/app/extend/context.js",
    "start": 1612618162838,
    "end": 1612618162838,
    "duration": 0,
    "pid": 26600,
    "index": 45
  },
  {
    "name": "Require(38) node_modules/egg-validate/app/extend/context.js",
    "start": 1612618162838,
    "end": 1612618162839,
    "duration": 1,
    "pid": 26600,
    "index": 46
  },
  {
    "name": "Require(39) node_modules/egg/app/extend/context.js",
    "start": 1612618162839,
    "end": 1612618162840,
    "duration": 1,
    "pid": 26600,
    "index": 47
  },
  {
    "name": "Load extend/helper.js",
    "start": 1612618162842,
    "end": 1612618162872,
    "duration": 30,
    "pid": 26600,
    "index": 48
  },
  {
    "name": "Require(40) node_modules/egg-security/app/extend/helper.js",
    "start": 1612618162842,
    "end": 1612618162854,
    "duration": 12,
    "pid": 26600,
    "index": 49
  },
  {
    "name": "Require(41) node_modules/egg/app/extend/helper.js",
    "start": 1612618162856,
    "end": 1612618162856,
    "duration": 0,
    "pid": 26600,
    "index": 50
  },
  {
    "name": "Require(42) app/extend/helper.js",
    "start": 1612618162856,
    "end": 1612618162870,
    "duration": 14,
    "pid": 26600,
    "index": 51
  },
  {
    "name": "Load app.js",
    "start": 1612618162873,
    "end": 1612618162897,
    "duration": 24,
    "pid": 26600,
    "index": 52
  },
  {
    "name": "Require(43) node_modules/egg-session/app.js",
    "start": 1612618162873,
    "end": 1612618162873,
    "duration": 0,
    "pid": 26600,
    "index": 53
  },
  {
    "name": "Require(44) node_modules/egg-security/app.js",
    "start": 1612618162873,
    "end": 1612618162874,
    "duration": 1,
    "pid": 26600,
    "index": 54
  },
  {
    "name": "Require(45) node_modules/egg-onerror/app.js",
    "start": 1612618162875,
    "end": 1612618162880,
    "duration": 5,
    "pid": 26600,
    "index": 55
  },
  {
    "name": "Require(46) node_modules/egg-i18n/app.js",
    "start": 1612618162880,
    "end": 1612618162888,
    "duration": 8,
    "pid": 26600,
    "index": 56
  },
  {
    "name": "Require(47) node_modules/egg-watcher/app.js",
    "start": 1612618162888,
    "end": 1612618162890,
    "duration": 2,
    "pid": 26600,
    "index": 57
  },
  {
    "name": "Require(48) node_modules/egg-schedule/app.js",
    "start": 1612618162891,
    "end": 1612618162892,
    "duration": 1,
    "pid": 26600,
    "index": 58
  },
  {
    "name": "Require(49) node_modules/egg-multipart/app.js",
    "start": 1612618162892,
    "end": 1612618162892,
    "duration": 0,
    "pid": 26600,
    "index": 59
  },
  {
    "name": "Require(50) node_modules/egg-development/app.js",
    "start": 1612618162893,
    "end": 1612618162893,
    "duration": 0,
    "pid": 26600,
    "index": 60
  },
  {
    "name": "Require(51) node_modules/egg-logrotator/app.js",
    "start": 1612618162893,
    "end": 1612618162893,
    "duration": 0,
    "pid": 26600,
    "index": 61
  },
  {
    "name": "Require(52) node_modules/egg-static/app.js",
    "start": 1612618162893,
    "end": 1612618162894,
    "duration": 1,
    "pid": 26600,
    "index": 62
  },
  {
    "name": "Require(53) node_modules/egg-mongoose/app.js",
    "start": 1612618162894,
    "end": 1612618162894,
    "duration": 0,
    "pid": 26600,
    "index": 63
  },
  {
    "name": "Require(54) node_modules/egg-validate/app.js",
    "start": 1612618162895,
    "end": 1612618162896,
    "duration": 1,
    "pid": 26600,
    "index": 64
  },
  {
    "name": "Require(55) node_modules/egg-cors/app.js",
    "start": 1612618162896,
    "end": 1612618162896,
    "duration": 0,
    "pid": 26600,
    "index": 65
  },
  {
    "name": "Before Start in node_modules/egg-watcher/lib/init.js:15:14",
    "start": 1612618162905,
    "end": 1612618163368,
    "duration": 463,
    "pid": 26600,
    "index": 66
  },
  {
    "name": "Before Start in node_modules/egg-mongoose/lib/mongoose.js:104:7",
    "start": 1612618163224,
    "end": 1612618163367,
    "duration": 143,
    "pid": 26600,
    "index": 67
  },
  {
    "name": "Before Start in node_modules/egg-mongoose/lib/mongoose.js:52:9",
    "start": 1612618163225,
    "end": 1612618163354,
    "duration": 129,
    "pid": 26600,
    "index": 68
  },
  {
    "name": "Load Service",
    "start": 1612618163225,
    "end": 1612618163252,
    "duration": 27,
    "pid": 26600,
    "index": 69
  },
  {
    "name": "Load \"service\" to Context",
    "start": 1612618163225,
    "end": 1612618163252,
    "duration": 27,
    "pid": 26600,
    "index": 70
  },
  {
    "name": "Load Middleware",
    "start": 1612618163252,
    "end": 1612618163326,
    "duration": 74,
    "pid": 26600,
    "index": 71
  },
  {
    "name": "Load \"middlewares\" to Application",
    "start": 1612618163252,
    "end": 1612618163318,
    "duration": 66,
    "pid": 26600,
    "index": 72
  },
  {
    "name": "Load Controller",
    "start": 1612618163326,
    "end": 1612618163329,
    "duration": 3,
    "pid": 26600,
    "index": 73
  },
  {
    "name": "Load \"controller\" to Application",
    "start": 1612618163326,
    "end": 1612618163329,
    "duration": 3,
    "pid": 26600,
    "index": 74
  },
  {
    "name": "Load Router",
    "start": 1612618163329,
    "end": 1612618163332,
    "duration": 3,
    "pid": 26600,
    "index": 75
  },
  {
    "name": "Require(56) app/router.js",
    "start": 1612618163329,
    "end": 1612618163330,
    "duration": 1,
    "pid": 26600,
    "index": 76
  },
  {
    "name": "Before Start in node_modules/egg-core/lib/egg.js:303:10",
    "start": 1612618163330,
    "end": 1612618163354,
    "duration": 24,
    "pid": 26600,
    "index": 77
  },
  {
    "name": "Load \"model\" to Application",
    "start": 1612618163338,
    "end": 1612618163354,
    "duration": 16,
    "pid": 26600,
    "index": 78
  }
]